#questioner_rep,count(*)
1,225209
2,3607
3,66082
4,11645
5,16489
6,125137
7,9087
8,58755
9,12033
10,22331
11,87186
12,13580
13,49515
14,13984
15,27367
16,53983
17,15994
18,38024
19,14948
20,24800
21,38534
22,16747
23,28860
24,15508
25,22056
26,30460
27,16715
28,24844
29,14121
30,20522
31,25662
32,15936
33,20718
34,14247
35,18317
36,22136
37,14689
38,19351
39,14229
40,16468
41,18750
42,13760
43,17670
44,13237
45,15228
46,16891
47,13723
48,16454
49,12498
50,14482
51,15226
52,12353
53,15113
54,13004
55,12932
56,15372
57,11658
58,13161
59,10510
60,12861
61,13987
62,11856
63,13163
64,10404
65,11612
66,12884
67,10487
68,12703
69,10364
70,11753
71,12340
72,10025
73,11559
74,10493
75,10113
76,10154
77,10082
78,9575
79,9277
80,10591
81,11220
82,9544
83,10379
84,9172
85,9530
86,10250
87,8426
88,9838
89,9201
90,8930
91,10265
92,8904
93,9678
94,7817
95,9765
96,9043
97,7654
98,9435
99,7411
100,8356
101,9584
102,8200
103,9703
104,7362
105,8490
106,8286
107,8996
108,8120
109,8568
110,8318
111,7490
112,7735
113,8574
114,8300
115,7502
116,8831
117,6924
118,7728
119,6989
120,6806
121,7382
122,7052
123,7753
124,6948
125,7048
126,7119
127,6906
128,8032
129,6458
130,7314
131,7925
132,6985
133,6652
134,6405
135,7026
136,7610
137,7670
138,6739
139,6602
140,6835
141,5805
142,6797
143,6828
144,5565
145,6837
146,6031
147,6732
148,5788
149,6249
150,5795
151,6263
152,7170
153,7317
154,6302
155,5212
156,6086
157,5962
158,6522
159,6225
160,6723
161,6652
162,6219
163,6050
164,6117
165,5148
166,5382
167,6178
168,5584
169,5786
170,5451
171,5677
172,4906
173,5996
174,6406
175,6497
176,6051
177,4930
178,6327
179,5489
180,4994
181,5469
182,5907
183,5258
184,4774
185,6446
186,5548
187,4855
188,5456
189,5225
190,5039
191,4813
192,4872
193,5169
194,5736
195,5162
196,4994
197,4546
198,4600
199,3860
200,2196
201,2064
202,2661
203,2178
204,2795
205,1958
206,2534
207,1881
208,2396
209,2472
210,2420
211,2368
212,2470
213,1886
214,2146
215,2034
216,2250
217,2810
218,2707
219,1961
220,3131
221,2352
222,2652
223,2242
224,1930
225,2251
226,2481
227,2297
228,2145
229,2179
230,2192
231,2370
232,2051
233,2906
234,2012
235,1907
236,3171
237,2187
238,2204
239,2295
240,1906
241,2437
242,2059
243,1810
244,2239
245,1953
246,2291
247,1888
248,1891
249,1723
250,2195
251,2301
252,1774
253,2418
254,2302
255,1190
256,2087
257,2096
258,1413
259,1419
260,2291
261,1928
262,1608
263,1332
264,1518
265,1832
266,1616
267,1869
268,1782
269,1546
270,2031
271,1500
272,1735
273,1391
274,1451
275,2128
276,1410
277,2073
278,1579
279,2470
280,1972
281,2135
282,1904
283,1996
284,1241
285,1671
286,1860
287,2196
288,1172
289,1750
290,1172
291,2003
292,2046
293,1982
294,1693
295,2103
296,1786
297,1339
298,1908
299,1785
300,4827
301,3874
302,5089
303,3757
304,3828
305,3861
306,3844
307,4157
308,4151
309,3834
310,4406
311,3830
312,3687
313,4157
314,4511
315,4601
316,4124
317,4335
318,3556
319,4608
320,4078
321,3065
322,3218
323,4406
324,3669
325,3823
326,4224
327,3653
328,3365
329,3066
330,3401
331,4330
332,3926
333,3474
334,3974
335,4262
336,3346
337,2800
338,3617
339,3082
340,3593
341,3615
342,3179
343,3306
344,5145
345,3677
346,3056
347,4316
348,3883
349,4256
350,3498
351,3486
352,3368
353,3936
354,3659
355,3807
356,2909
357,4225
358,2719
359,3341
360,4417
361,4031
362,3757
363,3020
364,3524
365,3407
366,2615
367,3992
368,2800
369,2768
370,2912
371,2312
372,2525
373,3016
374,3471
375,3709
376,4177
377,3493
378,3566
379,3858
380,2406
381,4091
382,3157
383,3247
384,3811
385,3617
386,3324
387,2923
388,3139
389,3485
390,3201
391,4315
392,3678
393,3903
394,2099
395,3489
396,3157
397,2638
398,3877
399,2852
400,3174
401,2564
402,2617
403,2774
404,3218
405,3252
406,2717
407,3147
408,2876
409,2832
410,2612
411,2720
412,2538
413,3048
414,2384
415,3831
416,3717
417,3477
418,2367
419,3533
420,3442
421,2841
422,3359
423,2654
424,2876
425,3578
426,2524
427,2779
428,2864
429,3881
430,2881
431,2843
432,2368
433,1894
434,3133
435,2653
436,2946
437,2652
438,3271
439,2997
440,2343
441,3587
442,2753
443,3097
444,1974
445,2592
446,2924
447,3916
448,3187
449,3233
450,2510
451,2508
452,3871
453,1881
454,2267
455,2329
456,2042
457,2961
458,2151
459,3095
460,1852
461,2981
462,2273
463,2432
464,2706
465,2974
466,3208
467,2743
468,3002
469,3172
470,2221
471,3275
472,3446
473,1997
474,3416
475,2736
476,2241
477,3318
478,3912
479,2868
480,2651
481,2105
482,3002
483,2799
484,2394
485,3597
486,2456
487,3202
488,2355
489,2171
490,2471
491,2819
492,2821
493,2682
494,2821
495,1410
496,4001
497,3087
498,2579
499,1875
500,2761
501,3057
502,1851
503,2552
504,1910
505,3154
506,3096
507,3194
508,2563
509,2047
510,2374
511,2242
512,2000
513,2288
514,2260
515,3622
516,3559
517,2055
518,2263
519,1789
520,2800
521,2092
522,2850
523,2657
524,2242
525,2297
526,3307
527,2190
528,2434
529,2874
530,1454
531,2491
532,3014
533,2102
534,2338
535,2190
536,2573
537,2271
538,2882
539,2624
540,2135
541,2753
542,2012
543,1555
544,2251
545,2079
546,2572
547,1442
548,3054
549,2730
550,1708
551,3243
552,3673
553,2561
554,2478
555,2410
556,3105
557,1880
558,1702
559,1888
560,2754
561,3151
562,2195
563,2224
564,2548
565,2687
566,2156
567,2212
568,1971
569,2735
570,2632
571,3367
572,3392
573,2548
574,1630
575,2199
576,1800
577,2305
578,1887
579,2462
580,1783
581,2795
582,3377
583,2183
584,2246
585,2657
586,1775
587,2039
588,2124
589,1959
590,2830
591,2453
592,2936
593,2050
594,2032
595,2123
596,2025
597,1236
598,1885
599,1663
600,1969
601,2338
602,2327
603,2221
604,3478
605,1523
606,2137
607,2106
608,2688
609,2382
610,2340
611,1668
612,2013
613,2536
614,1932
615,2021
616,2382
617,2119
618,2555
619,1574
620,2089
621,2313
622,1741
623,2425
624,2399
625,2034
626,2373
627,2083
628,2218
629,2406
630,2960
631,2252
632,1664
633,1557
634,1912
635,2749
636,2931
637,1546
638,2814
639,2017
640,1928
641,2256
642,1537
643,1950
644,2834
645,2401
646,2648
647,2095
648,1356
649,1266
650,2381
651,1542
652,2967
653,2462
654,1283
655,2199
656,2831
657,1681
658,3151
659,2070
660,2588
661,2258
662,1287
663,2197
664,2564
665,1254
666,2846
667,1838
668,1890
669,2177
670,2314
671,1843
672,1656
673,1648
674,1350
675,1327
676,2105
677,2514
678,2367
679,1364
680,2468
681,2332
682,1747
683,1431
684,1439
685,1387
686,2363
687,1863
688,1619
689,2304
690,2021
691,2258
692,2664
693,1699
694,1600
695,1251
696,2184
697,1630
698,1804
699,2623
700,1806
701,1380
702,1531
703,2616
704,2194
705,1845
706,1919
707,1453
708,2504
709,1940
710,1122
711,1414
712,1737
713,1762
714,2184
715,2537
716,1935
717,1703
718,1985
719,2539
720,1510
721,1274
722,2637
723,1909
724,2505
725,1448
726,2068
727,1552
728,1627
729,1408
730,1796
731,2222
732,1374
733,1929
734,1394
735,1732
736,1265
737,1577
738,1380
739,1919
740,1658
741,2252
742,2069
743,1481
744,1817
745,2086
746,1918
747,1974
748,1455
749,1575
750,1597
751,1550
752,2159
753,1315
754,2443
755,1792
756,2507
757,2575
758,1912
759,1285
760,1450
761,1210
762,1230
763,2134
764,1770
765,1879
766,1501
767,1544
768,1797
769,1866
770,930
771,1649
772,2373
773,2635
774,1345
775,2170
776,2058
777,1817
778,1666
779,2628
780,1595
781,1827
782,1460
783,1958
784,2247
785,2326
786,2268
787,1251
788,2383
789,1260
790,1527
791,1646
792,1052
793,1977
794,1610
795,1135
796,1661
797,1002
798,1474
799,1793
800,1391
801,1429
802,1520
803,2588
804,983
805,857
806,1827
807,1568
808,1490
809,1590
810,1475
811,1674
812,1427
813,896
814,1621
815,1386
816,1356
817,1401
818,1515
819,1473
820,1649
821,1198
822,2093
823,1630
824,808
825,1682
826,1891
827,1739
828,1012
829,685
830,1505
831,526
832,1664
833,1636
834,2348
835,1228
836,1036
837,1568
838,1017
839,1630
840,1702
841,1618
842,977
843,1355
844,1845
845,925
846,1848
847,2014
848,1007
849,1072
850,1311
851,1509
852,1398
853,2091
854,1707
855,841
856,1738
857,1988
858,1733
859,920
860,1369
861,923
862,763
863,1584
864,984
865,1142
866,2414
867,1437
868,1147
869,1110
870,822
871,558
872,1130
873,1229
874,384
875,1086
876,1095
877,874
878,1567
879,1483
880,1718
881,1151
882,2091
883,1220
884,1790
885,1066
886,1854
887,1847
888,1518
889,1258
890,1960
891,843
892,2177
893,1663
894,2229
895,1313
896,2005
897,795
898,597
899,1731
900,1708
901,1130
902,822
903,1106
904,1289
905,879
906,1295
907,1599
908,1387
909,1745
910,1559
911,1501
912,1814
913,1400
914,2128
915,806
916,1610
917,893
918,865
919,837
920,2478
921,1300
922,1053
923,877
924,956
925,1952
926,2427
927,1147
928,353
929,674
930,2006
931,987
932,1535
933,1307
934,2295
935,657
936,1250
937,1225
938,1436
939,1338
940,876
941,1122
942,885
943,1224
944,2145
945,1032
946,1612
947,1201
948,720
949,1740
950,1073
951,844
952,975
953,939
954,1076
955,1099
956,1669
957,1332
958,1087
959,1507
960,590
961,1184
962,1588
963,792
964,1760
965,1066
966,1510
967,1208
968,1219
969,1083
970,671
971,832
972,1095
973,1239
974,554
975,1580
976,1314
977,2087
978,1291
979,1900
980,1796
981,969
982,748
983,802
984,1692
985,262
986,888
987,1234
988,2286
989,1089
990,550
991,1130
992,1450
993,529
994,1013
995,1642
996,513
997,368
998,1163
999,1093
1000,1148
1001,1255
1002,554
1003,850
1004,1000
1005,1089
1006,1063
1007,1431
1008,941
1009,871
1010,1705
1011,847
1012,909
1013,1577
1014,1700
1015,551
1016,1077
1017,2251
1018,1325
1019,269
1020,1186
1021,2379
1022,4795
1023,2180
1024,2383
1025,409
1026,2089
1027,882
1028,147
1029,1339
1030,596
1031,1482
1032,1770
1033,1483
1034,1799
1035,1204
1036,931
1037,1619
1038,1827
1039,1834
1040,1241
1041,908
1042,632
1043,816
1044,758
1045,1050
1046,1024
1047,1770
1048,1644
1049,753
1050,1215
1051,801
1052,1371
1053,946
1054,1693
1055,456
1056,925
1057,897
1058,1756
1059,497
1060,1196
1061,1380
1062,1377
1063,1341
1064,2792
1065,713
1066,1283
1067,2071
1068,1192
1069,1471
1070,1092
1071,1115
1072,765
1073,987
1074,1259
1075,1837
1076,722
1077,1464
1078,1130
1079,457
1080,1224
1081,1616
1082,726
1083,865
1084,1257
1085,493
1086,1717
1087,1170
1088,1259
1089,1598
1090,652
1091,2980
1092,913
1093,685
1094,550
1095,673
1096,1088
1097,1149
1098,357
1099,1575
1100,1653
1101,947
1102,1024
1103,1421
1104,1533
1105,760
1106,595
1107,1655
1108,1019
1109,954
1110,1195
1111,612
1112,517
1113,1461
1114,1572
1115,779
1116,825
1117,735
1118,1827
1119,612
1120,1227
1121,1018
1122,713
1123,994
1124,1353
1125,2390
1126,890
1127,741
1128,1478
1129,1486
1130,1488
1131,1802
1132,1185
1133,1184
1134,397
1135,1966
1136,1273
1137,588
1138,1189
1139,1997
1140,2175
1141,1034
1142,1488
1143,220
1144,499
1145,1682
1146,527
1147,208
1148,1303
1149,734
1150,1322
1151,1903
1152,912
1153,741
1154,1022
1155,648
1156,1122
1157,1213
1158,1069
1159,1134
1160,825
1161,750
1162,1273
1163,607
1164,932
1165,391
1166,996
1167,1240
1168,1211
1169,1610
1170,279
1171,848
1172,856
1173,649
1174,863
1175,1478
1176,1541
1177,1378
1178,1194
1179,1143
1180,1320
1181,670
1182,848
1183,1316
1184,888
1185,930
1186,1413
1187,1232
1188,939
1189,819
1190,990
1191,1438
1192,1794
1193,1175
1194,1010
1195,1334
1196,828
1197,224
1198,701
1199,1132
1200,415
1201,690
1202,1292
1203,1058
1204,1514
1205,1565
1206,801
1207,880
1208,327
1209,705
1210,766
1211,527
1212,952
1213,1443
1214,789
1215,750
1216,530
1217,702
1218,1382
1219,1212
1220,392
1221,1070
1222,1539
1223,814
1224,882
1225,911
1226,1102
1227,1347
1228,830
1229,621
1230,1285
1231,1712
1232,1116
1233,157
1234,1384
1235,454
1236,375
1237,893
1238,1067
1239,1177
1240,655
1241,946
1242,1257
1243,475
1244,1137
1245,1179
1246,1396
1247,1605
1248,844
1249,1437
1250,796
1251,1595
1252,1633
1253,954
1254,1205
1255,364
1256,593
1257,772
1258,2593
1259,1167
1260,602
1261,711
1262,1271
1263,661
1264,1717
1265,1814
1266,676
1267,514
1268,1217
1269,954
1270,2241
1271,660
1272,844
1273,1543
1274,728
1275,830
1276,1327
1277,2086
1278,1034
1279,1299
1280,730
1281,1704
1282,689
1283,1220
1284,1475
1285,539
1286,509
1287,1249
1288,2772
1289,673
1290,420
1291,1037
1292,860
1293,401
1294,777
1295,861
1296,1111
1297,987
1298,921
1299,1061
1300,678
1301,1390
1302,625
1303,711
1304,1065
1305,826
1306,541
1307,961
1308,764
1309,1376
1310,1029
1311,630
1312,1287
1313,1393
1314,787
1315,930
1316,1041
1317,648
1318,964
1319,1042
1320,693
1321,1547
1322,817
1323,1505
1324,1267
1325,1618
1326,1228
1327,1343
1328,1201
1329,1073
1330,977
1331,335
1332,892
1333,589
1334,1775
1335,1313
1336,828
1337,757
1338,1504
1339,762
1340,964
1341,541
1342,1258
1343,474
1344,615
1345,471
1346,842
1347,1176
1348,592
1349,1087
1350,487
1351,1036
1352,678
1353,1006
1354,373
1355,534
1356,629
1357,855
1358,773
1359,589
1360,417
1361,384
1362,832
1363,1182
1364,759
1365,863
1366,2052
1367,814
1368,765
1369,787
1370,497
1371,567
1372,674
1373,2089
1374,701
1375,481
1376,1449
1377,671
1378,372
1379,401
1380,728
1381,1386
1382,748
1383,481
1384,1075
1385,445
1386,385
1387,566
1388,1079
1389,1494
1390,586
1391,617
1392,370
1393,850
1394,903
1395,1399
1396,977
1397,681
1398,729
1399,415
1400,116
1401,693
1402,1646
1403,1103
1404,563
1405,518
1406,1172
1407,1716
1408,605
1409,529
1410,465
1411,757
1412,484
1413,608
1414,652
1415,304
1416,842
1417,718
1418,1884
1419,595
1420,1670
1421,728
1422,1283
1423,855
1424,954
1425,405
1426,1325
1427,835
1428,1214
1429,595
1430,572
1431,988
1432,874
1433,1525
1434,535
1435,1830
1436,1415
1437,1714
1438,1242
1439,982
1440,1091
1441,444
1442,370
1443,479
1444,705
1445,1564
1446,1722
1447,300
1448,846
1449,530
1450,912
1451,768
1452,775
1453,1018
1454,1030
1455,546
1456,835
1457,691
1458,573
1459,359
1460,296
1461,220
1462,737
1463,1778
1464,955
1465,896
1466,678
1467,1293
1468,279
1469,606
1470,1257
1471,1348
1472,447
1473,667
1474,627
1475,1770
1476,1290
1477,958
1478,923
1479,1409
1480,630
1481,967
1482,1215
1483,612
1484,993
1485,1094
1486,517
1487,389
1488,395
1489,78
1490,1086
1491,278
1492,595
1493,1277
1494,352
1495,832
1496,417
1497,1577
1498,1872
1499,395
1500,686
1501,259
1502,359
1503,453
1504,374
1505,931
1506,1028
1507,402
1508,242
1509,498
1510,312
1511,587
1512,260
1513,886
1514,1286
1515,1092
1516,735
1517,570
1518,149
1519,651
1520,192
1521,1109
1522,577
1523,162
1524,614
1525,751
1526,1254
1527,574
1528,351
1529,1008
1530,553
1531,529
1532,675
1533,363
1534,1299
1535,472
1536,321
1537,1107
1538,352
1539,818
1540,913
1541,965
1542,464
1543,590
1544,412
1545,928
1546,347
1547,723
1548,820
1549,898
1550,542
1551,985
1552,569
1553,1520
1554,195
1555,703
1556,1547
1557,759
1558,502
1559,779
1560,2359
1561,237
1562,1356
1563,220
1564,523
1565,99
1566,979
1567,660
1568,490
1569,594
1570,103
1571,1044
1572,1063
1573,1156
1574,451
1575,473
1576,997
1577,465
1578,553
1579,353
1580,388
1581,297
1582,314
1583,1005
1584,938
1585,2092
1586,335
1587,1085
1588,171
1589,1177
1590,892
1591,534
1592,604
1593,716
1594,702
1595,284
1596,1957
1597,502
1598,599
1599,694
1600,728
1601,872
1602,439
1603,283
1604,1199
1605,744
1606,73
1607,447
1608,188
1609,1638
1610,811
1611,737
1612,923
1613,240
1614,310
1615,70
1616,1004
1617,1351
1618,1296
1619,889
1620,671
1621,594
1622,857
1623,567
1624,588
1625,408
1626,1223
1627,1022
1628,425
1629,437
1630,665
1631,689
1632,433
1633,943
1634,361
1635,356
1636,1387
1637,743
1638,272
1639,323
1640,254
1641,565
1642,279
1643,806
1644,852
1645,246
1646,399
1647,1009
1648,1020
1649,1204
1650,960
1651,310
1652,242
1653,765
1654,1183
1655,573
1656,1354
1657,617
1658,378
1659,523
1660,655
1661,800
1662,862
1663,340
1664,444
1665,215
1666,724
1667,730
1668,808
1669,733
1670,918
1671,647
1672,856
1673,415
1674,390
1675,919
1676,228
1677,269
1678,314
1679,408
1680,604
1681,259
1682,272
1683,390
1684,862
1685,171
1686,823
1687,125
1688,289
1689,662
1690,916
1691,338
1692,382
1693,407
1694,871
1695,349
1696,1064
1697,826
1698,554
1699,639
1700,1227
1701,631
1702,1005
1703,325
1704,160
1705,1629
1706,405
1707,792
1708,313
1709,525
1710,675
1711,607
1712,279
1713,303
1714,593
1715,559
1716,460
1717,747
1718,1631
1719,638
1720,65
1721,795
1722,132
1723,1138
1724,134
1725,525
1726,495
1727,708
1728,717
1729,99
1730,29
1731,173
1732,957
1733,101
1734,950
1735,260
1736,488
1737,265
1738,570
1739,222
1740,655
1741,126
1742,294
1743,371
1744,567
1745,801
1746,276
1747,1066
1748,437
1749,819
1750,1819
1751,1381
1752,2451
1753,1305
1754,273
1755,519
1756,1012
1757,517
1758,151
1759,920
1760,283
1761,285
1762,356
1763,810
1764,597
1765,440
1766,770
1767,134
1768,457
1769,839
1770,1108
1771,1351
1772,345
1773,695
1774,479
1775,1091
1776,126
1777,1272
1778,866
1779,1671
1780,827
1781,1139
1782,181
1783,417
1784,673
1785,765
1786,773
1787,480
1788,461
1789,723
1790,859
1791,178
1792,539
1793,1549
1794,508
1795,272
1796,328
1797,809
1798,560
1799,220
1800,230
1801,471
1802,442
1803,753
1804,614
1805,269
1806,193
1807,640
1808,359
1809,492
1810,286
1811,593
1812,87
1813,886
1814,1286
1815,917
1816,135
1817,1045
1818,891
1819,538
1820,646
1821,1421
1822,321
1823,701
1824,696
1825,520
1826,871
1827,953
1828,318
1829,662
1830,412
1831,1007
1832,319
1833,119
1834,653
1835,2116
1836,197
1837,271
1838,461
1839,561
1840,105
1841,80
1842,288
1843,480
1844,613
1845,46
1846,1007
1847,811
1848,189
1849,484
1850,1055
1851,1407
1852,642
1853,112
1854,1610
1855,711
1856,588
1857,224
1858,510
1859,360
1860,1377
1861,817
1862,431
1863,1246
1864,775
1865,1269
1866,307
1867,382
1868,576
1869,430
1870,133
1871,496
1872,1040
1873,1064
1874,484
1875,289
1876,284
1877,246
1878,248
1879,376
1880,578
1881,819
1882,281
1883,711
1884,113
1885,44
1886,271
1887,957
1888,510
1889,769
1890,753
1891,244
1892,230
1893,228
1894,133
1895,551
1896,198
1897,314
1898,560
1899,332
1900,260
1901,451
1902,336
1903,1091
1904,335
1905,373
1906,815
1907,580
1908,492
1909,232
1910,846
1911,647
1912,724
1913,250
1914,255
1915,1271
1916,500
1917,1018
1918,429
1919,534
1920,1387
1921,198
1922,1063
1923,241
1924,164
1925,542
1926,125
1927,102
1928,1208
1929,113
1930,953
1931,39
1932,117
1933,115
1934,2
1935,1329
1936,62
1937,903
1938,100
1939,338
1940,543
1941,1293
1942,934
1943,114
1944,1184
1945,629
1946,494
1947,285
1948,154
1949,1122
1950,510
1951,547
1952,227
1953,156
1954,1321
1955,461
1956,508
1957,82
1958,182
1959,345
1960,276
1961,923
1962,1788
1963,988
1964,1286
1965,430
1966,344
1967,107
1968,42
1969,715
1970,50
1971,271
1972,945
1973,446
1974,171
1975,228
1976,288
1977,272
1978,227
1979,956
1980,1047
1981,259
1982,577
1983,612
1984,236
1985,713
1986,225
1987,424
1988,742
1989,462
1990,4893
1991,631
1992,171
1993,210
1994,326
1995,721
1996,315
1997,765
1998,574
1999,2127
2000,1079
2001,930
2002,1192
2003,193
2004,556
2005,755
2006,760
2007,391
2008,518
2009,253
2010,264
2011,112
2012,100
2013,404
2014,600
2015,571
2016,225
2017,894
2018,909
2019,145
2020,542
2021,940
2022,272
2023,571
2024,103
2025,484
2026,786
2027,473
2028,82
2029,590
2030,944
2031,278
2032,284
2033,442
2034,283
2035,643
2036,81
2037,33
2038,245
2039,58
2040,1171
2041,441
2042,383
2043,1388
2044,1189
2045,279
2046,843
2047,188
2048,311
2049,222
2050,359
2051,457
2052,729
2053,670
2054,131
2055,102
2056,414
2057,230
2058,2099
2059,113
2060,72
2061,532
2062,81
2063,318
2064,1019
2065,680
2066,432
2067,254
2068,335
2069,557
2070,1607
2071,742
2072,1016
2073,225
2074,122
2075,158
2076,1336
2077,24
2078,216
2079,1052
2080,366
2081,688
2082,334
2083,112
2084,286
2085,810
2086,175
2087,367
2088,181
2089,906
2090,376
2091,1412
2092,1030
2093,279
2094,169
2095,261
2096,141
2097,433
2098,240
2099,1524
2100,175
2101,125
2102,697
2103,469
2104,470
2105,297
2106,808
2107,395
2108,398
2109,556
2110,686
2111,23
2112,189
2113,722
2114,57
2115,5
2116,288
2117,476
2118,899
2119,61
2120,330
2121,208
2122,1071
2123,828
2124,447
2125,117
2126,789
2127,836
2128,357
2129,1042
2130,884
2131,682
2132,134
2133,674
2134,402
2135,1237
2136,613
2137,61
2138,808
2139,253
2140,419
2141,864
2142,491
2143,55
2144,231
2145,852
2146,348
2147,822
2148,1215
2149,265
2150,574
2151,567
2152,995
2153,345
2154,969
2155,1556
2156,2012
2157,627
2158,308
2159,77
2160,630
2161,307
2162,244
2163,16
2164,859
2165,903
2166,123
2167,109
2168,638
2169,443
2170,547
2171,790
2172,676
2173,147
2174,701
2175,1149
2176,492
2177,529
2178,62
2179,76
2180,1339
2181,291
2182,478
2183,107
2184,415
2185,459
2186,314
2187,25
2188,325
2189,429
2190,44
2191,797
2192,1189
2193,1350
2194,952
2195,887
2196,186
2197,67
2198,263
2199,384
2200,521
2201,617
2202,1121
2203,527
2204,808
2205,374
2206,45
2207,31
2208,634
2209,721
2210,65
2211,1038
2212,112
2213,1170
2214,533
2215,1522
2216,173
2217,817
2218,96
2219,1388
2220,151
2221,575
2222,503
2223,651
2224,717
2225,108
2226,259
2227,1078
2228,175
2229,95
2230,310
2231,607
2232,1286
2233,589
2234,583
2235,925
2236,330
2237,172
2238,189
2239,549
2240,1133
2241,71
2242,424
2243,442
2244,349
2245,1034
2246,339
2247,1486
2248,205
2249,522
2250,1549
2251,64
2252,873
2253,54
2254,174
2255,80
2256,223
2257,116
2258,354
2259,257
2260,1285
2261,567
2262,837
2263,868
2264,279
2265,679
2266,126
2267,309
2268,185
2269,803
2270,588
2271,397
2272,692
2273,627
2274,458
2275,197
2276,825
2277,570
2278,64
2279,204
2281,362
2282,1575
2283,531
2284,1185
2285,269
2286,1153
2287,463
2288,805
2289,391
2290,234
2291,512
2292,121
2293,122
2294,172
2295,331
2296,487
2297,887
2298,135
2299,297
2300,771
2301,793
2302,358
2303,468
2304,192
2305,297
2306,258
2307,178
2308,816
2309,53
2310,245
2311,79
2312,386
2313,635
2314,464
2315,752
2316,128
2317,1683
2318,123
2319,1290
2320,575
2321,238
2322,137
2323,324
2324,386
2325,83
2326,676
2327,515
2328,530
2329,138
2330,356
2331,214
2332,199
2333,683
2334,3
2335,92
2336,565
2337,199
2338,134
2339,825
2340,176
2341,602
2342,490
2343,1367
2344,125
2345,73
2346,74
2347,189
2348,136
2349,758
2350,125
2351,722
2352,117
2353,220
2354,440
2355,368
2356,212
2357,553
2358,1884
2359,921
2360,422
2361,337
2362,270
2363,253
2364,149
2365,473
2366,76
2367,68
2368,154
2369,36
2370,1215
2371,711
2372,204
2373,1047
2374,54
2375,607
2376,675
2377,222
2378,811
2379,194
2380,75
2381,795
2382,607
2383,727
2384,227
2385,882
2386,110
2387,811
2388,501
2389,48
2390,731
2391,883
2392,291
2393,1354
2394,80
2395,390
2396,1243
2397,692
2398,392
2399,412
2400,1923
2401,252
2402,117
2403,904
2404,71
2405,570
2406,839
2407,93
2408,809
2409,131
2410,467
2411,81
2412,821
2413,184
2414,417
2415,1000
2416,411
2417,533
2418,252
2419,137
2420,342
2421,511
2422,711
2423,11
2424,365
2425,956
2426,292
2427,79
2428,195
2429,237
2430,334
2431,341
2432,1052
2433,133
2434,214
2435,18
2436,405
2437,34
2438,390
2439,244
2440,148
2441,218
2442,116
2443,894
2444,245
2445,102
2446,454
2447,206
2448,27
2449,232
2450,46
2451,117
2452,472
2454,705
2455,354
2456,271
2457,1102
2458,800
2459,319
2460,383
2461,44
2462,45
2463,143
2464,91
2465,653
2466,711
2467,400
2468,904
2469,107
2470,178
2471,275
2472,99
2473,408
2474,88
2475,560
2476,185
2477,1126
2478,329
2479,125
2480,100
2481,452
2482,314
2483,641
2484,50
2485,89
2486,256
2487,175
2488,21
2489,154
2490,472
2491,612
2492,118
2493,309
2494,1161
2495,232
2496,90
2497,151
2498,314
2499,178
2500,933
2501,112
2502,528
2503,287
2504,101
2505,131
2506,568
2507,1132
2508,698
2509,294
2510,135
2511,123
2512,34
2513,78
2514,1007
2515,548
2516,242
2517,428
2518,77
2519,224
2520,622
2521,13
2522,1167
2523,818
2524,193
2525,52
2526,134
2527,158
2528,285
2529,1420
2530,41
2531,143
2532,1036
2533,530
2534,577
2535,305
2536,206
2537,99
2538,195
2539,797
2540,633
2541,95
2542,648
2543,1381
2544,333
2545,19
2546,326
2547,428
2548,161
2549,505
2550,392
2551,68
2552,151
2553,496
2554,357
2555,195
2556,318
2557,1536
2558,317
2559,87
2560,232
2561,464
2562,83
2563,256
2564,107
2565,32
2566,25
2567,10
2568,452
2569,303
2570,802
2571,433
2572,80
2573,196
2574,63
2575,399
2576,165
2577,128
2578,623
2579,264
2580,160
2581,432
2582,135
2583,443
2584,393
2585,229
2586,265
2587,305
2588,832
2589,231
2590,66
2591,743
2592,339
2593,1361
2594,209
2595,45
2596,535
2597,297
2598,112
2599,203
2600,882
2601,432
2602,378
2603,442
2604,583
2605,362
2606,292
2607,282
2608,931
2609,36
2610,495
2611,263
2612,66
2613,789
2614,20
2615,215
2616,127
2617,94
2618,198
2619,351
2620,493
2621,84
2622,50
2623,287
2624,348
2625,111
2626,1446
2627,971
2628,234
2629,27
2630,150
2631,475
2632,507
2633,169
2634,116
2635,289
2636,287
2637,206
2638,879
2639,418
2640,13
2641,159
2642,72
2643,698
2644,421
2645,29
2646,275
2647,134
2648,695
2649,195
2650,230
2651,477
2652,454
2653,41
2654,277
2655,329
2656,409
2657,255
2658,246
2659,365
2660,46
2661,161
2662,406
2663,121
2664,16
2665,14
2666,178
2667,1195
2668,1174
2669,68
2670,224
2671,543
2672,1156
2673,62
2674,57
2675,323
2676,731
2677,466
2678,8
2679,210
2680,216
2681,552
2682,87
2683,1061
2684,79
2685,77
2686,40
2687,89
2688,239
2689,205
2690,4
2691,270
2692,209
2693,161
2694,451
2695,1033
2696,14
2697,432
2698,80
2699,243
2700,372
2701,478
2702,746
2703,593
2704,704
2705,216
2706,71
2707,100
2708,220
2709,1398
2710,191
2711,35
2712,326
2713,202
2714,6
2715,314
2716,89
2717,120
2718,131
2719,434
2720,133
2721,104
2722,293
2723,386
2724,227
2725,394
2726,404
2727,53
2728,1562
2729,235
2730,193
2731,293
2732,1526
2733,1359
2734,191
2735,418
2736,693
2737,44
2739,362
2740,117
2741,145
2742,25
2743,341
2744,231
2745,48
2746,1114
2747,142
2748,224
2749,163
2750,292
2752,564
2753,154
2754,92
2755,376
2756,146
2757,92
2758,340
2759,930
2760,294
2761,248
2762,138
2763,115
2764,291
2765,103
2766,180
2767,266
2768,149
2769,79
2770,243
2771,50
2772,79
2773,107
2774,75
2775,81
2776,133
2777,97
2778,934
2779,181
2780,116
2781,114
2782,727
2783,164
2784,9
2785,325
2786,108
2787,232
2788,65
2789,123
2790,426
2791,291
2792,49
2793,184
2794,849
2795,785
2796,1089
2797,147
2798,689
2799,1411
2800,285
2801,395
2802,133
2803,16
2804,223
2805,181
2806,145
2807,152
2808,609
2809,319
2810,308
2811,212
2812,358
2813,113
2814,49
2815,245
2816,125
2818,59
2819,240
2820,335
2821,444
2822,1012
2823,305
2824,26
2825,282
2826,375
2827,10
2828,931
2829,338
2830,429
2831,139
2832,63
2833,136
2834,194
2835,38
2836,20
2837,86
2838,310
2839,116
2840,51
2841,8
2842,413
2843,502
2844,9
2845,1
2846,138
2847,245
2848,247
2849,197
2850,206
2851,265
2852,209
2853,556
2854,301
2855,66
2856,181
2857,39
2858,108
2860,81
2861,196
2862,24
2863,5
2864,332
2865,90
2867,131
2868,170
2869,700
2870,222
2871,956
2872,180
2873,279
2874,7
2875,6
2876,31
2877,557
2878,288
2879,98
2880,257
2881,192
2882,141
2883,898
2884,239
2885,93
2886,25
2887,291
2888,172
2889,266
2890,134
2891,344
2892,86
2893,274
2894,179
2895,344
2896,291
2897,157
2898,993
2899,286
2900,328
2901,815
2902,345
2903,776
2904,1300
2905,164
2906,795
2907,615
2908,49
2909,1201
2910,160
2911,163
2912,367
2913,149
2914,11
2915,170
2916,537
2917,106
2918,377
2919,681
2920,1000
2921,524
2922,15
2923,37
2924,297
2925,53
2926,520
2927,161
2928,121
2929,9
2930,436
2931,194
2932,129
2933,861
2934,89
2935,288
2936,106
2938,240
2939,193
2940,525
2941,15
2942,6
2943,375
2944,164
2945,60
2946,600
2947,605
2948,192
2949,340
2950,490
2951,141
2952,38
2953,17
2954,224
2955,832
2956,11
2957,1067
2958,91
2959,255
2960,114
2961,110
2962,37
2963,264
2964,490
2965,72
2966,223
2967,107
2968,169
2969,421
2970,297
2971,272
2972,124
2974,1335
2975,1209
2976,746
2977,324
2978,73
2979,505
2980,195
2981,8
2982,571
2983,70
2984,219
2985,759
2986,188
2987,26
2988,68
2989,34
2990,460
2991,68
2992,169
2993,1044
2995,22
2996,577
2997,219
2999,34
3000,55
3001,21
3002,456
3003,110
3004,630
3006,341
3007,298
3010,3
3011,134
3012,111
3013,624
3014,246
3015,52
3016,487
3017,324
3018,80
3019,145
3020,324
3021,928
3022,323
3024,181
3025,40
3026,511
3027,29
3028,318
3029,707
3030,97
3031,180
3032,10
3033,1317
3034,229
3035,90
3036,216
3037,123
3038,201
3039,1144
3040,229
3041,469
3042,264
3043,169
3044,459
3045,326
3046,115
3048,349
3049,18
3050,92
3051,1023
3052,163
3053,260
3054,50
3055,100
3056,247
3057,158
3058,346
3059,151
3060,147
3061,568
3062,21
3063,273
3064,112
3065,407
3066,126
3067,261
3068,836
3069,300
3070,90
3071,31
3072,169
3073,11
3074,742
3075,132
3076,722
3077,797
3078,63
3079,197
3080,117
3081,44
3082,19
3083,201
3084,266
3085,136
3086,183
3087,9
3089,309
3090,185
3091,140
3092,843
3093,621
3094,483
3095,144
3096,58
3097,715
3098,19
3099,4
3100,25
3101,125
3102,21
3103,590
3104,190
3105,32
3107,468
3108,269
3109,36
3110,299
3111,1173
3112,66
3113,834
3114,395
3115,121
3116,399
3117,95
3118,16
3119,301
3120,269
3121,447
3122,35
3123,1507
3124,245
3125,161
3126,10
3127,60
3128,40
3129,131
3130,201
3131,733
3133,252
3134,341
3135,510
3136,297
3137,8
3138,110
3139,14
3140,309
3141,221
3142,46
3143,52
3144,183
3145,459
3146,1376
3147,784
3148,161
3149,425
3150,84
3151,76
3152,93
3153,269
3154,4
3155,165
3156,211
3157,802
3158,184
3160,301
3161,82
3162,936
3163,125
3164,488
3165,5
3166,218
3167,9
3168,12
3169,114
3170,298
3171,224
3172,558
3173,510
3174,101
3175,96
3176,403
3177,15
3178,14
3179,202
3180,101
3182,3
3183,132
3184,29
3185,73
3187,268
3188,300
3189,116
3190,50
3191,152
3192,203
3193,108
3195,153
3196,531
3197,144
3198,16
3199,215
3200,482
3201,547
3202,247
3203,52
3204,213
3205,157
3206,59
3207,636
3208,301
3209,5
3211,172
3212,182
3213,171
3214,151
3215,42
3216,406
3217,56
3218,30
3219,7
3220,55
3221,38
3222,283
3223,619
3224,6
3225,244
3226,385
3227,736
3228,51
3229,54
3230,280
3231,333
3232,750
3233,79
3234,7
3235,257
3236,151
3237,205
3238,2
3239,291
3240,793
3241,267
3242,250
3243,5
3244,160
3245,498
3247,275
3248,320
3249,655
3250,88
3251,72
3252,100
3253,1371
3254,592
3255,883
3256,287
3257,248
3258,241
3259,48
3260,428
3261,171
3262,602
3263,337
3264,434
3265,352
3266,33
3267,21
3268,262
3269,4
3270,202
3271,304
3272,227
3274,301
3275,172
3276,1161
3277,1052
3278,57
3279,1290
3281,370
3282,278
3284,792
3285,164
3286,1297
3287,267
3288,190
3289,57
3290,286
3291,280
3292,414
3293,124
3294,493
3295,201
3296,704
3297,280
3298,292
3299,49
3300,791
3301,100
3302,351
3303,22
3304,24
3305,224
3306,136
3307,444
3309,60
3310,14
3311,410
3312,261
3313,17
3315,461
3316,397
3317,231
3318,81
3319,51
3320,90
3321,9
3322,128
3323,72
3324,46
3325,133
3327,111
3328,98
3329,7
3330,339
3331,551
3333,344
3334,131
3335,686
3336,13
3337,574
3338,247
3339,92
3340,487
3341,58
3343,71
3344,13
3345,4
3346,4
3347,490
3348,12
3349,445
3350,580
3351,81
3352,359
3353,1086
3354,148
3355,235
3356,164
3357,2
3358,226
3360,356
3361,270
3362,154
3363,9
3364,132
3366,17
3367,198
3368,165
3369,917
3370,140
3371,103
3372,252
3373,4
3374,91
3375,162
3376,37
3378,33
3379,39
3380,236
3381,23
3382,71
3383,1252
3385,8
3386,827
3387,274
3388,684
3389,16
3390,291
3391,142
3392,539
3393,326
3394,801
3395,980
3396,118
3398,9
3399,422
3400,247
3401,17
3402,218
3403,1079
3404,363
3405,648
3406,124
3407,180
3408,29
3409,498
3410,306
3411,31
3413,68
3414,395
3416,276
3418,403
3419,67
3420,114
3421,648
3422,156
3423,313
3424,1435
3425,240
3426,188
3427,5
3428,54
3429,23
3430,69
3431,193
3433,523
3434,106
3435,48
3436,589
3437,10
3438,70
3439,1476
3440,123
3441,32
3442,449
3443,58
3444,84
3445,23
3446,528
3448,340
3449,103
3451,840
3452,132
3453,201
3454,720
3455,5
3456,348
3457,276
3458,85
3459,67
3460,150
3461,596
3462,196
3463,20
3464,332
3465,1111
3466,82
3467,9
3468,300
3469,24
3470,39
3471,65
3472,153
3473,726
3474,290
3475,168
3476,331
3477,148
3478,117
3479,275
3480,294
3481,371
3482,39
3483,292
3485,631
3486,199
3487,64
3488,252
3489,15
3491,23
3492,12
3493,52
3494,24
3495,100
3496,365
3498,448
3499,128
3500,86
3501,269
3503,45
3505,171
3506,28
3507,535
3508,43
3509,136
3510,206
3511,92
3512,910
3513,174
3514,313
3515,40
3516,2
3517,276
3518,238
3519,22
3520,1408
3521,323
3522,340
3523,106
3525,89
3526,109
3527,111
3528,82
3529,8
3531,1
3533,95
3534,303
3535,53
3536,16
3537,77
3538,346
3539,9
3540,394
3541,26
3542,126
3543,163
3545,109
3546,69
3547,159
3548,36
3549,389
3550,169
3551,329
3552,282
3553,1182
3554,12
3555,1961
3556,522
3557,202
3558,213
3559,322
3561,322
3562,10
3563,309
3564,7
3565,18
3566,190
3567,1041
3568,731
3569,7
3570,280
3571,696
3572,80
3573,41
3574,73
3575,82
3576,36
3577,288
3578,18
3579,28
3580,139
3581,314
3582,7
3584,991
3585,88
3586,395
3587,85
3588,779
3589,168
3590,417
3591,22
3593,350
3594,36
3595,394
3597,173
3598,258
3599,90
3600,348
3601,139
3603,244
3604,4
3605,1
3606,448
3607,632
3608,38
3610,605
3611,52
3612,137
3613,303
3614,1157
3615,770
3616,339
3617,111
3618,134
3620,103
3621,105
3622,318
3623,26
3624,106
3625,25
3626,695
3627,570
3628,369
3629,89
3630,283
3631,170
3632,115
3633,53
3634,17
3635,569
3636,215
3637,325
3639,60
3640,862
3641,197
3642,129
3643,9
3645,7
3646,79
3647,202
3648,118
3649,451
3650,1357
3651,179
3652,336
3653,232
3654,230
3655,12
3656,12
3657,557
3658,99
3660,9
3661,14
3663,362
3664,484
3665,182
3666,7
3668,452
3669,25
3670,33
3671,101
3672,45
3673,20
3674,337
3675,112
3676,29
3678,161
3679,158
3680,670
3681,627
3682,49
3683,8
3684,24
3685,157
3686,10
3688,74
3689,291
3690,180
3691,101
3692,70
3693,128
3694,15
3695,468
3696,65
3697,1310
3698,167
3699,205
3700,455
3701,94
3702,267
3703,25
3704,31
3705,398
3706,33
3707,44
3709,91
3710,14
3711,236
3712,28
3713,122
3715,355
3716,47
3718,176
3719,135
3720,500
3721,95
3722,100
3723,984
3725,1
3726,4
3727,117
3728,297
3729,42
3730,22
3731,599
3732,286
3733,977
3734,99
3735,175
3736,58
3737,199
3738,6
3739,535
3741,10
3742,96
3743,34
3744,95
3745,55
3746,7
3747,11
3748,76
3749,143
3750,649
3751,5
3752,77
3753,56
3754,8
3755,1111
3756,318
3757,82
3758,36
3759,67
3760,63
3761,41
3762,303
3764,232
3765,621
3767,222
3768,25
3769,387
3770,204
3771,91
3772,3
3773,230
3776,14
3777,86
3780,65
3781,1
3782,956
3783,49
3784,326
3785,1009
3786,52
3788,266
3789,773
3790,104
3791,774
3792,26
3793,617
3794,10
3795,17
3798,7
3799,576
3800,5
3801,225
3802,268
3803,255
3804,142
3805,46
3806,184
3807,18
3808,10
3809,392
3812,269
3813,30
3815,226
3816,449
3817,46
3818,18
3819,155
3820,443
3821,363
3822,239
3823,323
3824,99
3825,54
3826,26
3827,487
3828,67
3829,646
3830,261
3831,177
3832,660
3833,154
3834,292
3835,1244
3836,1042
3837,161
3838,87
3839,67
3840,640
3841,442
3842,43
3843,479
3844,147
3846,179
3848,344
3849,383
3850,1
3851,43
3853,142
3854,155
3855,11
3856,199
3857,109
3858,24
3859,98
3860,808
3861,56
3862,228
3863,1864
3865,334
3866,86
3867,110
3868,24
3869,151
3870,61
3871,2
3872,1
3873,480
3874,38
3876,194
3877,4
3879,110
3880,223
3881,1171
3882,71
3883,667
3884,26
3885,236
3886,100
3887,110
3888,53
3889,2
3890,130
3891,78
3892,738
3893,163
3894,7
3895,1
3896,224
3897,502
3898,454
3899,109
3900,98
3901,46
3902,3
3903,88
3904,106
3905,8
3906,255
3907,235
3908,154
3909,100
3910,187
3911,942
3914,6
3915,11
3916,252
3917,182
3918,291
3919,73
3920,526
3921,53
3922,16
3923,58
3924,5
3925,696
3926,174
3927,84
3928,6
3929,1548
3930,14
3931,23
3932,213
3933,52
3934,404
3937,46
3938,1007
3939,32
3941,8
3942,13
3943,253
3944,786
3945,192
3946,48
3947,93
3949,8
3950,84
3951,729
3953,535
3955,31
3956,612
3957,5
3958,852
3959,2
3960,257
3961,262
3963,115
3964,4
3965,29
3966,353
3967,3
3968,159
3969,82
3970,544
3971,203
3973,745
3974,22
3975,23
3976,121
3977,56
3978,245
3979,697
3980,754
3981,176
3982,302
3984,25
3985,49
3986,303
3987,419
3988,15
3989,10
3991,273
3992,116
3993,127
3994,33
3995,5
3996,213
3998,68
4000,8
4001,609
4002,146
4003,21
4004,58
4005,317
4006,101
4007,80
4008,894
4009,5
4010,232
4011,604
4012,3
4014,60
4016,259
4017,324
4018,141
4019,132
4020,2
4022,140
4023,9
4024,375
4025,197
4026,4
4027,609
4028,22
4029,8
4030,141
4031,39
4032,533
4033,393
4034,177
4035,112
4036,153
4038,65
4040,9
4041,139
4043,556
4044,79
4045,7
4046,198
4047,549
4048,23
4049,274
4050,16
4051,68
4052,462
4054,235
4055,443
4056,13
4057,62
4058,111
4059,9
4060,11
4061,42
4062,70
4063,438
4064,204
4065,27
4067,128
4069,8
4070,9
4071,118
4072,885
4073,10
4074,115
4075,166
4076,150
4078,227
4079,178
4080,50
4081,901
4082,32
4083,1
4084,296
4085,87
4086,91
4087,78
4089,540
4090,26
4091,20
4092,23
4093,17
4095,363
4096,918
4097,79
4098,17
4099,22
4100,701
4101,391
4102,189
4103,240
4104,68
4105,169
4107,178
4108,3
4109,32
4110,294
4111,71
4112,2
4113,35
4114,601
4115,125
4116,155
4117,36
4118,122
4119,444
4120,242
4121,16
4122,71
4123,30
4125,582
4126,154
4127,193
4128,70
4129,261
4130,200
4133,43
4135,444
4136,73
4137,54
4138,399
4140,289
4141,6
4143,225
4144,18
4145,59
4146,194
4147,194
4148,533
4149,147
4150,455
4151,153
4153,173
4154,369
4155,56
4156,42
4157,70
4158,659
4159,58
4161,31
4162,13
4163,40
4165,57
4166,635
4167,172
4168,189
4169,238
4171,367
4172,167
4173,9
4174,2
4175,132
4176,389
4177,120
4178,26
4179,14
4180,401
4181,149
4183,39
4184,123
4185,1669
4186,447
4187,732
4188,14
4189,472
4191,34
4192,37
4193,548
4194,147
4195,63
4196,46
4197,717
4200,107
4201,27
4202,40
4203,178
4205,126
4206,681
4207,195
4208,22
4209,204
4210,21
4213,13
4214,97
4215,253
4216,50
4217,81
4218,4
4219,46
4220,45
4223,42
4224,1588
4225,9
4226,1372
4227,106
4228,182
4229,431
4230,293
4231,42
4233,73
4234,47
4235,2
4236,57
4237,1
4240,1040
4242,340
4243,279
4244,362
4245,52
4246,593
4248,1379
4249,109
4250,91
4251,80
4252,243
4253,726
4254,678
4255,483
4256,7
4258,54
4259,180
4260,523
4264,652
4265,70
4266,28
4267,43
4268,85
4269,27
4270,61
4271,60
4272,115
4273,34
4274,428
4275,407
4276,2
4277,173
4278,132
4279,4
4280,196
4281,7
4282,25
4283,114
4284,675
4285,52
4286,171
4287,54
4288,427
4289,17
4290,38
4291,100
4292,11
4293,472
4294,80
4295,180
4296,35
4297,80
4298,20
4299,113
4300,74
4301,48
4304,51
4306,218
4307,134
4308,9
4310,18
4311,202
4314,167
4316,329
4317,75
4318,115
4321,129
4322,408
4324,50
4325,203
4326,74
4327,51
4329,7
4332,71
4333,411
4334,249
4335,525
4336,102
4337,13
4338,346
4339,603
4340,279
4341,124
4342,1
4344,88
4345,58
4346,413
4347,638
4348,28
4350,500
4351,50
4352,3
4354,268
4355,197
4356,165
4357,38
4358,115
4359,529
4360,127
4361,2
4362,971
4363,280
4365,70
4366,7
4367,147
4368,14
4369,72
4370,348
4372,12
4373,92
4374,831
4375,30
4376,1643
4377,1192
4378,12
4379,322
4380,588
4381,451
4382,424
4384,365
4385,13
4386,615
4387,85
4388,159
4389,68
4390,390
4391,257
4392,385
4394,64
4395,13
4396,61
4397,13
4398,145
4399,18
4400,14
4401,30
4402,51
4403,26
4405,292
4407,131
4408,64
4409,32
4410,72
4411,28
4412,40
4413,51
4415,137
4416,353
4417,4
4420,821
4421,2
4423,158
4425,336
4427,26
4428,79
4429,115
4430,323
4431,8
4432,22
4433,358
4434,111
4435,108
4436,36
4438,131
4439,147
4440,25
4441,77
4442,155
4443,210
4445,750
4446,509
4447,409
4448,297
4450,129
4451,143
4452,2
4453,56
4454,574
4456,199
4457,417
4458,399
4459,1033
4460,15
4461,563
4463,121
4465,67
4466,92
4468,9
4469,61
4470,22
4472,189
4473,22
4477,208
4478,93
4480,28
4481,9
4482,44
4486,288
4487,322
4490,87
4491,13
4493,149
4495,133
4496,109
4498,931
4499,225
4500,42
4501,55
4502,269
4503,324
4504,8
4505,285
4506,101
4510,16
4511,291
4512,95
4513,263
4514,78
4516,284
4518,392
4519,31
4522,12
4524,54
4525,1338
4527,357
4528,160
4529,17
4530,10
4532,7
4534,125
4535,38
4536,514
4537,2
4539,262
4540,11
4541,64
4542,172
4543,1108
4544,230
4545,131
4546,1307
4548,97
4550,19
4553,12
4554,88
4555,7
4556,137
4558,44
4559,623
4560,33
4562,105
4563,280
4564,7
4565,983
4566,114
4567,40
4568,2
4569,50
4570,54
4571,332
4574,43
4575,425
4576,41
4577,79
4578,7
4579,190
4580,26
4581,159
4582,1311
4583,50
4584,405
4587,189
4588,192
4589,98
4591,60
4592,265
4593,912
4594,15
4595,277
4596,418
4597,20
4598,347
4599,17
4601,3
4604,1717
4605,6
4606,21
4607,360
4608,84
4609,211
4610,85
4611,273
4612,46
4613,88
4614,37
4615,12
4617,52
4618,90
4619,44
4620,1186
4621,16
4622,626
4623,71
4624,17
4626,25
4627,730
4629,285
4630,158
4631,950
4632,108
4634,246
4635,159
4636,87
4637,322
4638,298
4639,12
4643,115
4644,536
4645,55
4646,240
4647,84
4648,12
4649,26
4650,179
4652,12
4653,725
4654,39
4655,83
4656,145
4657,22
4658,3
4659,218
4660,37
4661,447
4662,378
4663,210
4666,8
4667,61
4670,365
4671,7
4672,77
4674,250
4676,115
4677,160
4678,313
4679,4
4682,261
4683,9
4685,333
4686,193
4688,173
4689,209
4691,384
4692,219
4693,31
4694,75
4695,129
4698,349
4699,363
4700,27
4702,16
4704,354
4705,23
4706,63
4707,308
4708,36
4709,84
4710,8
4711,288
4714,24
4718,76
4719,816
4722,10
4725,41
4726,15
4727,91
4729,142
4731,68
4732,16
4733,416
4734,408
4735,22
4736,18
4737,186
4738,419
4739,172
4740,100
4741,5
4742,4
4744,66
4746,125
4747,163
4748,989
4750,331
4751,1987
4752,325
4753,196
4754,36
4755,34
4757,1115
4758,345
4760,526
4761,22
4765,81
4767,29
4768,71
4770,57
4771,1
4772,53
4773,121
4774,11
4775,88
4776,12
4780,47
4781,37
4782,294
4783,63
4784,12
4786,25
4787,667
4789,196
4791,345
4792,380
4793,55
4794,445
4795,109
4796,669
4797,607
4799,108
4800,45
4801,4
4802,132
4805,337
4807,34
4808,33
4811,127
4812,887
4813,67
4815,7
4816,16
4818,615
4820,72
4821,820
4822,108
4823,43
4825,176
4827,39
4828,1113
4830,7
4831,89
4833,163
4834,217
4835,62
4836,81
4837,460
4838,129
4839,507
4840,51
4841,27
4843,79
4844,37
4845,99
4846,714
4847,435
4848,878
4850,33
4851,24
4853,3
4854,6
4855,112
4856,223
4858,180
4859,16
4861,106
4863,438
4864,14
4865,37
4867,89
4868,86
4869,1
4873,124
4874,255
4875,37
4876,18
4877,81
4878,174
4879,30
4881,28
4882,10
4883,80
4884,145
4885,894
4887,159
4889,1373
4890,16
4891,11
4894,54
4896,72
4898,284
4899,94
4900,82
4901,60
4902,484
4903,5
4904,586
4907,234
4908,465
4909,13
4910,88
4911,99
4912,16
4913,315
4914,17
4916,322
4917,3
4918,3
4919,4
4920,420
4921,1129
4922,211
4923,91
4924,304
4925,186
4926,11
4929,425
4930,15
4933,343
4934,3
4935,78
4936,21
4937,11
4940,146
4941,11
4942,380
4944,15
4946,157
4947,17
4949,27
4950,2
4952,125
4953,69
4954,9
4956,36
4957,242
4958,276
4959,64
4960,13
4962,7
4963,23
4964,98
4965,91
4966,264
4968,11
4969,19
4970,197
4971,478
4972,16
4973,153
4974,339
4975,14
4978,229
4980,387
4982,459
4983,746
4985,67
4986,125
4987,5
4988,217
4989,338
4990,48
4992,41
4994,15
4995,53
4996,40
4998,501
4999,82
5000,86
5002,19
5004,93
5005,489
5006,167
5007,9
5008,179
5009,45
5010,90
5011,228
5014,49
5016,24
5018,98
5021,8
5022,1
5023,4
5024,577
5025,126
5026,20
5027,61
5029,74
5030,143
5031,381
5032,117
5034,586
5035,26
5036,169
5037,110
5039,227
5040,19
5042,86
5043,95
5047,22
5049,146
5051,142
5052,333
5053,191
5054,47
5056,135
5058,42
5059,37
5060,405
5063,33
5064,75
5066,130
5067,14
5068,15
5069,383
5071,93
5072,51
5073,1190
5074,136
5077,169
5078,151
5079,849
5080,309
5081,3
5082,8
5085,228
5090,66
5091,115
5092,506
5093,292
5094,12
5097,414
5098,92
5103,20
5104,237
5105,70
5106,77
5107,226
5110,1
5113,51
5117,6
5118,29
5119,37
5120,54
5121,152
5122,28
5123,1
5125,39
5127,17
5128,276
5129,23
5130,6
5131,110
5132,30
5133,388
5134,321
5135,424
5136,199
5138,113
5141,8
5142,98
5143,1745
5144,10
5145,79
5146,50
5147,480
5148,63
5150,17
5152,189
5154,370
5155,1
5156,288
5157,56
5158,30
5159,1040
5160,271
5163,8
5164,7
5165,7
5167,22
5168,159
5169,370
5170,17
5171,40
5172,67
5173,409
5174,941
5175,129
5177,221
5178,83
5180,35
5183,15
5184,23
5186,5
5188,390
5190,48
5191,25
5192,94
5194,28
5195,62
5196,36
5197,17
5198,148
5199,78
5200,25
5202,11
5203,931
5205,17
5206,9
5207,8
5209,144
5211,1193
5213,26
5214,541
5215,8
5216,22
5218,298
5219,5
5220,10
5221,120
5222,131
5223,76
5225,38
5227,2
5230,1117
5231,235
5232,16
5235,77
5237,25
5239,79
5241,290
5242,63
5244,332
5245,265
5248,83
5249,110
5250,341
5252,29
5253,27
5256,102
5261,21
5262,18
5263,100
5264,185
5265,262
5268,28
5269,6
5270,249
5271,100
5272,556
5273,9
5274,18
5275,374
5276,62
5278,79
5279,234
5280,3
5282,183
5283,218
5284,45
5288,153
5290,609
5291,8
5293,8
5295,20
5298,115
5299,8
5300,80
5301,99
5302,115
5304,15
5305,131
5309,43
5310,53
5314,6
5315,18
5317,188
5320,184
5321,6
5323,86
5324,704
5326,397
5327,28
5328,31
5329,226
5330,102
5332,13
5333,256
5335,29
5337,88
5338,29
5340,303
5342,4
5343,412
5344,178
5345,89
5346,219
5347,53
5348,12
5349,142
5350,298
5353,76
5356,65
5358,679
5359,216
5360,40
5361,621
5364,26
5367,164
5369,139
5370,4
5371,29
5373,25
5375,479
5376,47
5377,23
5379,26
5381,19
5383,11
5384,143
5386,296
5388,193
5389,5
5390,278
5392,67
5395,5
5397,101
5398,181
5399,96
5401,11
5402,282
5403,746
5404,4
5405,74
5406,104
5407,57
5408,5
5409,239
5410,146
5411,218
5413,166
5414,417
5416,126
5418,70
5419,93
5421,4
5422,43
5423,326
5424,113
5429,1
5430,165
5432,1634
5435,115
5437,31
5440,16
5441,68
5443,2
5445,357
5446,303
5448,191
5450,56
5451,2
5452,10
5454,13
5455,16
5458,4
5459,100
5461,227
5462,576
5463,35
5467,40
5468,957
5470,56
5471,224
5472,18
5474,39
5475,499
5476,22
5477,354
5478,30
5479,40
5480,14
5481,95
5483,919
5485,6
5486,206
5488,13
5489,50
5493,56
5498,126
5499,3
5500,727
5503,212
5504,126
5507,21
5509,36
5510,98
5511,13
5512,83
5513,443
5516,23
5518,78
5519,122
5520,4
5522,415
5523,222
5524,646
5527,344
5528,62
5529,73
5532,13
5534,292
5535,217
5536,87
5537,141
5539,1
5541,205
5542,80
5544,5
5545,25
5549,29
5552,215
5553,41
5554,17
5557,276
5558,61
5559,129
5560,5
5561,4
5562,316
5564,10
5566,19
5568,180
5570,170
5572,203
5573,116
5575,6
5577,271
5578,158
5580,10
5581,234
5582,197
5583,18
5584,131
5585,20
5586,159
5587,59
5588,107
5589,289
5590,730
5591,7
5592,20
5594,12
5595,19
5598,34
5600,224
5602,217
5604,247
5605,1
5607,77
5608,189
5609,136
5610,69
5612,24
5613,28
5614,68
5615,469
5616,590
5618,21
5619,157
5620,293
5621,535
5622,79
5623,161
5629,2
5630,117
5631,158
5632,14
5633,13
5635,5
5636,275
5638,30
5639,80
5641,8
5642,841
5643,11
5644,23
5645,68
5646,11
5647,49
5650,26
5653,299
5655,4
5656,423
5657,159
5659,678
5660,148
5661,42
5664,17
5665,45
5667,2
5669,173
5671,1001
5672,9
5673,179
5674,4
5677,56
5682,153
5684,222
5685,574
5688,23
5689,83
5690,472
5693,7
5695,243
5697,67
5701,176
5702,11
5704,247
5707,451
5708,43
5709,56
5710,140
5712,94
5715,341
5716,30
5717,148
5718,7
5719,2
5720,441
5722,76
5724,30
5725,20
5726,50
5728,482
5730,104
5733,18
5734,445
5735,48
5737,21
5738,273
5740,2
5743,83
5744,295
5745,109
5746,34
5747,94
5748,27
5750,53
5751,561
5752,45
5753,892
5754,24
5755,335
5756,58
5759,4
5760,3
5761,47
5762,392
5763,28
5764,100
5765,497
5767,27
5768,308
5769,111
5771,362
5772,277
5773,541
5774,88
5775,29
5776,8
5779,212
5780,62
5782,624
5783,21
5785,6
5786,7
5788,641
5793,7
5794,286
5795,4
5799,16
5802,13
5803,280
5804,93
5806,32
5807,186
5808,14
5810,422
5811,294
5813,233
5814,17
5815,3
5816,218
5818,7
5819,26
5820,6
5822,37
5823,29
5824,138
5825,248
5827,383
5828,56
5830,225
5833,48
5836,228
5837,123
5839,607
5840,287
5842,268
5844,86
5846,6
5849,2
5852,17
5853,14
5855,319
5856,135
5857,192
5858,263
5859,206
5861,151
5862,214
5864,12
5865,734
5866,690
5868,203
5869,37
5870,220
5872,134
5873,92
5874,24
5875,229
5876,170
5880,16
5881,310
5884,32
5885,154
5888,69
5889,1119
5890,488
5891,2
5892,270
5893,56
5894,192
5895,13
5897,338
5898,62
5900,39
5901,268
5902,143
5905,223
5906,145
5907,20
5908,213
5909,25
5911,15
5912,126
5916,60
5917,365
5920,40
5921,98
5922,31
5924,91
5928,533
5930,35
5931,227
5932,6
5933,8
5936,203
5937,1
5938,2
5942,357
5948,86
5949,607
5950,22
5955,113
5959,109
5960,5
5962,3
5964,51
5965,121
5966,11
5967,4
5968,9
5969,7
5970,77
5971,256
5973,256
5976,16
5977,293
5979,1692
5980,23
5981,339
5985,441
5988,5
5989,229
5990,88
5993,103
5994,5
5998,128
5999,43
6002,46
6004,274
6008,1
6012,18
6013,289
6016,3
6017,27
6018,103
6019,253
6020,35
6022,114
6024,18
6025,97
6030,60
6031,2
6033,11
6034,84
6035,123
6037,89
6040,26
6041,46
6042,197
6043,47
6044,22
6046,29
6047,18
6048,52
6051,64
6052,7
6053,16
6055,151
6056,184
6057,25
6059,19
6060,2
6061,146
6063,7
6064,51
6067,32
6069,225
6070,61
6071,66
6075,50
6076,1408
6082,12
6083,29
6085,221
6086,54
6088,234
6090,100
6092,416
6094,259
6095,4
6097,1220
6098,7
6099,380
6100,36
6101,80
6102,32
6106,425
6107,13
6108,7
6109,17
6110,1143
6111,72
6113,257
6115,3
6116,871
6117,93
6118,66
6120,107
6121,101
6129,1080
6130,33
6131,2
6133,25
6140,7
6141,1575
6142,802
6144,258
6145,10
6147,27
6150,103
6152,28
6153,192
6155,13
6157,75
6158,58
6160,14
6162,11
6163,1095
6165,6
6167,34
6168,40
6169,109
6171,301
6174,45
6178,489
6179,108
6180,293
6182,166
6183,107
6184,6
6186,61
6188,65
6190,291
6191,2
6192,18
6193,307
6194,328
6195,1047
6197,1001
6198,85
6199,5
6200,37
6203,119
6206,38
6207,15
6208,93
6209,28
6211,76
6213,408
6216,1
6217,236
6220,240
6221,2
6222,90
6226,110
6227,64
6228,8
6230,1441
6231,335
6232,17
6234,792
6235,34
6237,323
6242,20
6243,18
6244,13
6246,647
6247,187
6248,97
6249,61
6251,24
6253,2
6255,403
6257,4
6260,17
6261,20
6262,27
6263,67
6264,21
6267,402
6269,38
6270,207
6272,55
6276,26
6277,82
6279,116
6280,147
6281,27
6283,57
6286,68
6287,40
6288,13
6290,205
6294,120
6298,1062
6300,206
6301,16
6303,193
6305,616
6307,1028
6309,126
6318,146
6319,281
6321,985
6322,2
6325,18
6326,28
6329,81
6330,108
6332,1
6336,156
6337,380
6338,4
6346,368
6347,162
6348,20
6351,18
6352,110
6356,371
6359,9
6360,76
6364,2
6366,85
6369,30
6372,221
6373,474
6374,205
6376,474
6378,721
6379,3
6380,23
6383,461
6384,10
6385,256
6386,58
6390,91
6393,33
6394,42
6395,29
6396,26
6398,120
6399,46
6400,12
6401,650
6402,20
6404,7
6405,302
6406,872
6407,87
6408,56
6420,292
6421,45
6422,201
6424,322
6425,38
6426,104
6427,18
6430,11
6433,139
6434,12
6436,4
6438,993
6439,738
6440,16
6441,50
6442,163
6443,173
6449,600
6450,49
6453,41
6455,26
6458,436
6459,68
6460,1318
6461,488
6462,4
6464,127
6468,12
6469,124
6470,1270
6471,293
6473,84
6475,6
6482,13
6483,6
6485,142
6486,28
6487,215
6488,137
6489,127
6490,31
6491,53
6492,7
6493,57
6494,8
6498,16
6499,12
6502,44
6504,62
6506,184
6507,11
6508,20
6510,1411
6514,23
6518,1581
6519,114
6520,22
6521,460
6524,385
6525,144
6526,52
6527,90
6529,443
6530,41
6532,199
6533,434
6536,456
6537,224
6538,478
6539,27
6543,1
6548,92
6550,263
6551,2
6555,42
6558,18
6560,140
6561,22
6563,33
6564,8
6567,58
6569,186
6571,150
6572,37
6573,210
6574,2
6578,480
6579,101
6580,83
6582,442
6584,209
6590,179
6594,150
6597,97
6599,58
6600,47
6602,99
6604,20
6608,209
6609,28
6610,447
6612,164
6614,1157
6615,15
6621,301
6623,96
6624,44
6625,10
6628,179
6630,13
6632,71
6633,89
6637,148
6641,184
6642,51
6645,144
6646,839
6649,210
6651,39
6653,5
6654,496
6655,24
6657,4
6658,4
6661,40
6664,64
6665,5
6666,121
6667,9
6669,140
6674,53
6676,143
6677,96
6678,28
6682,18
6683,17
6684,205
6685,124
6686,37
6689,230
6690,30
6691,90
6692,1
6694,182
6696,71
6697,512
6699,1
6702,142
6705,7
6706,14
6707,29
6708,16
6710,27
6711,61
6712,171
6714,87
6715,284
6724,164
6725,16
6727,62
6728,100
6731,108
6732,436
6735,56
6738,40
6741,37
6742,2272
6743,327
6745,186
6747,335
6748,61
6750,62
6752,198
6753,138
6754,49
6755,606
6756,188
6757,17
6759,2
6760,190
6762,102
6766,73
6768,10
6773,154
6776,9
6777,239
6780,272
6781,52
6782,9
6783,90
6785,568
6786,146
6789,494
6790,26
6791,83
6792,66
6793,19
6794,224
6795,20
6797,23
6798,102
6799,73
6801,26
6802,45
6803,29
6804,45
6805,8
6806,104
6810,37
6812,149
6814,90
6818,4
6819,53
6820,1
6822,70
6826,9
6827,18
6828,153
6832,78
6833,12
6835,94
6842,242
6843,149
6844,9
6845,22
6846,39
6847,229
6851,8
6852,97
6856,1
6859,1424
6863,32
6864,99
6865,181
6867,67
6868,106
6871,253
6874,50
6877,240
6883,48
6886,1
6887,677
6890,36
6894,23
6895,16
6900,17
6902,112
6906,510
6908,9
6912,35
6913,402
6915,108
6916,61
6920,14
6923,188
6924,124
6933,32
6935,201
6938,202
6943,14
6944,60
6945,21
6948,45
6949,1301
6950,104
6951,308
6952,314
6954,162
6955,34
6956,217
6957,48
6958,60
6959,7
6963,296
6971,282
6973,169
6974,91
6980,104
6981,431
6982,54
6984,469
6986,56
6987,86
6994,135
6995,224
6997,16
7002,175
7007,114
7009,233
7011,87
7013,121
7014,243
7015,527
7016,14
7017,31
7018,5
7020,60
7025,19
7027,175
7028,445
7030,303
7032,50
7035,261
7036,43
7037,8
7041,26
7043,672
7044,28
7046,14
7047,101
7049,217
7050,27
7051,727
7053,213
7055,64
7057,1134
7058,89
7059,88
7061,9
7066,37
7073,47
7074,10
7082,24
7083,130
7087,3
7088,21
7089,25
7091,333
7094,351
7095,136
7096,229
7099,42
7100,261
7101,47
7107,95
7115,39
7116,52
7118,147
7120,160
7127,447
7131,15
7133,144
7134,5
7136,28
7137,19
7138,54
7139,127
7140,67
7143,19
7147,174
7149,3
7153,115
7154,66
7156,62
7157,184
7159,509
7161,377
7164,57
7167,18
7172,34
7174,191
7176,47
7178,116
7179,70
7185,10
7186,422
7189,148
7190,72
7191,4
7194,6
7195,61
7196,6
7197,353
7198,77
7203,74
7205,126
7206,5
7207,626
7208,138
7209,61
7210,840
7213,31
7214,241
7215,112
7216,45
7218,21
7220,10
7222,612
7225,30
7226,20
7229,48
7230,139
7234,330
7236,23
7240,261
7242,840
7244,135
7246,44
7249,78
7250,45
7252,741
7253,334
7254,59
7256,78
7257,6
7258,75
7264,78
7266,16
7270,110
7277,119
7279,8
7282,348
7286,271
7287,28
7289,58
7290,43
7291,37
7293,311
7295,88
7296,19
7297,343
7300,19
7301,343
7304,11
7308,76
7309,3
7310,99
7314,106
7315,57
7316,75
7317,428
7319,48
7321,399
7322,82
7323,15
7326,79
7327,22
7338,348
7339,351
7341,32
7346,5
7347,67
7354,61
7356,80
7362,87
7363,1536
7365,89
7367,15
7369,15
7375,46
7376,37
7379,22
7380,1842
7384,899
7387,196
7388,575
7391,145
7392,690
7395,346
7397,250
7398,43
7400,101
7403,43
7407,16
7410,89
7413,767
7416,26
7420,142
7423,12
7424,246
7425,44
7427,22
7428,17
7430,584
7433,115
7434,1331
7435,285
7436,6
7439,946
7440,113
7441,189
7442,117
7443,105
7444,73
7445,459
7448,10
7450,79
7454,185
7456,125
7457,220
7458,55
7461,34
7463,86
7466,61
7470,31
7472,241
7474,56
7475,128
7479,183
7483,10
7484,70
7485,49
7486,287
7488,14
7494,1
7495,198
7498,579
7499,6
7500,90
7501,15
7502,320
7503,44
7507,26
7508,34
7510,23
7512,86
7515,6
7517,23
7519,13
7520,356
7521,105
7523,24
7525,23
7526,485
7527,21
7529,8
7531,318
7535,31
7536,85
7537,207
7543,5
7544,8
7545,8
7547,270
7550,260
7551,105
7553,1137
7555,22
7556,477
7557,9
7559,299
7564,43
7566,1
7569,185
7570,19
7572,7
7576,849
7580,1
7581,97
7585,76
7587,604
7588,18
7593,32
7596,14
7599,18
7600,143
7601,39
7602,13
7605,36
7606,165
7612,326
7615,507
7616,21
7617,309
7618,500
7621,146
7626,50
7629,313
7633,91
7634,71
7636,3
7640,232
7641,24
7642,3
7643,56
7644,69
7648,294
7649,61
7650,73
7651,6
7652,24
7653,135
7655,11
7657,35
7660,88
7661,24
7662,24
7668,53
7669,8
7672,129
7673,199
7676,19
7678,83
7684,125
7686,97
7687,6
7691,347
7693,86
7694,31
7695,5
7698,996
7700,10
7701,118
7703,279
7706,1198
7707,3
7708,686
7709,61
7716,49
7719,13
7720,50
7726,3
7731,24
7732,2
7738,1
7742,14
7743,38
7748,12
7749,112
7750,50
7751,498
7754,29
7756,9
7757,50
7759,91
7761,53
7763,2
7765,84
7766,2304
7767,32
7768,64
7770,2
7771,31
7785,82
7786,1
7787,127
7791,31
7794,23
7795,174
7801,108
7803,13
7811,607
7813,47
7815,67
7818,241
7819,600
7824,23
7826,402
7829,77
7832,6
7836,24
7838,9
7839,117
7846,35
7851,12
7854,82
7856,4
7857,27
7860,1
7864,465
7866,151
7867,305
7868,53
7873,449
7874,157
7878,15
7884,8
7889,99
7890,32
7896,77
7898,27
7900,60
7904,23
7905,22
7906,1254
7907,57
7908,122
7909,141
7915,120
7916,285
7918,1
7922,67
7925,19
7928,16
7932,271
7933,175
7934,588
7935,25
7937,103
7940,40
7941,472
7942,291
7945,9
7946,97
7947,233
7948,16
7950,511
7953,55
7955,25
7958,598
7959,174
7964,187
7965,285
7970,173
7982,8
7984,61
7987,52
7991,21
7998,103
8000,40
8001,35
8006,690
8008,261
8009,22
8011,5
8012,185
8013,460
8019,368
8021,181
8025,66
8026,51
8027,509
8028,64
8033,74
8034,107
8035,25
8036,101
8040,236
8045,92
8058,6
8059,14
8061,86
8066,6
8080,32
8083,44
8087,2
8088,49
8089,4
8094,1
8096,164
8098,203
8099,120
8102,35
8103,143
8104,379
8105,53
8109,346
8110,2247
8119,91
8124,54
8126,3
8127,240
8129,46
8133,105
8135,77
8136,125
8138,108
8139,255
8150,110
8151,92
8153,118
8154,11
8156,597
8157,140
8158,413
8162,97
8163,131
8165,231
8166,32
8167,51
8168,64
8169,147
8170,394
8171,14
8173,166
8177,31
8183,5
8184,2050
8185,134
8188,1610
8190,403
8191,79
8194,298
8196,132
8202,48
8204,267
8205,356
8212,144
8214,135
8215,112
8222,79
8223,4
8225,115
8233,490
8234,5
8235,109
8238,124
8239,107
8241,164
8242,589
8245,34
8246,35
8249,129
8250,128
8256,84
8258,25
8259,2
8268,147
8272,20
8273,1685
8278,259
8280,7
8285,27
8286,315
8294,62
8301,13
8302,178
8306,69
8309,400
8312,185
8314,259
8317,50
8321,89
8322,312
8331,2
8333,2
8336,13
8338,14
8340,201
8343,28
8344,5
8345,107
8346,36
8351,641
8353,14
8356,9
8357,14
8360,4
8362,59
8364,64
8367,727
8378,51
8381,110
8385,3
8393,31
8394,24
8396,19
8400,806
8401,162
8404,47
8405,271
8409,246
8410,23
8416,689
8417,96
8425,14
8430,232
8431,234
8432,246
8435,16
8437,46
8440,15
8441,13
8442,94
8446,30
8447,38
8452,46
8460,1611
8462,49
8468,17
8469,56
8472,76
8474,837
8479,110
8484,385
8486,28
8490,113
8491,154
8496,27
8503,13
8506,15
8508,1
8509,280
8514,135
8517,27
8520,81
8521,442
8522,67
8525,8
8532,1
8533,407
8535,61
8542,92
8552,31
8553,53
8557,532
8559,97
8567,143
8569,241
8575,1
8577,5
8578,4
8581,3
8586,186
8588,171
8593,25
8594,4
8596,89
8598,14
8600,11
8601,196
8602,363
8604,7
8606,35
8607,68
8608,594
8610,781
8612,9
8616,114
8620,49
8625,581
8626,3
8627,2
8629,33
8630,8
8632,4
8640,85
8645,122
8647,32
8652,80
8654,17
8655,2
8656,22
8666,152
8670,44
8672,31
8678,75
8681,366
8683,292
8690,81
8691,25
8699,432
8702,41
8703,183
8708,104
8710,86
8711,1139
8713,22
8714,133
8719,57
8720,1405
8721,23
8723,214
8725,180
8729,171
8730,165
8731,16
8732,13
8733,11
8735,164
8740,4
8746,29
8750,160
8752,5
8753,63
8754,26
8755,14
8756,1812
8757,110
8758,4
8759,1033
8761,82
8762,646
8764,18
8768,9
8776,788
8777,76
8779,13
8780,27
8781,342
8784,612
8786,4
8798,12
8801,138
8806,31
8810,7
8811,81
8814,277
8815,14
8817,23
8823,169
8824,8
8828,241
8832,359
8842,666
8847,164
8855,18
8859,108
8861,103
8863,49
8864,30
8867,43
8874,2
8877,111
8884,456
8885,134
8890,536
8895,193
8896,502
8900,239
8902,1531
8903,108
8904,29
8909,46
8917,1194
8923,7
8924,6
8926,12
8929,8
8933,382
8941,465
8944,18
8947,114
8948,639
8953,669
8955,249
8956,66
8958,187
8961,46
8962,4
8967,462
8971,6
8973,224
8981,50
8985,2
8987,24
8990,148
8991,105
9003,51
9009,77
9014,22
9016,74
9021,92
9023,157
9034,212
9039,11
9047,86
9048,37
9051,166
9053,31
9054,166
9060,34
9062,41
9064,42
9067,5
9072,4
9081,20
9086,108
9087,314
9090,148
9093,7
9094,112
9095,211
9096,114
9099,2
9101,557
9105,21
9107,160
9114,61
9117,111
9121,45
9132,19
9136,658
9140,194
9147,44
9151,22
9152,60
9155,84
9156,165
9157,75
9159,23
9166,100
9172,5
9175,49
9176,1
9178,270
9180,166
9182,6
9187,147
9190,1
9191,8
9198,311
9203,22
9205,41
9220,146
9222,149
9225,21
9228,94
9229,31
9232,19
9234,243
9238,7
9245,90
9246,24
9247,2285
9248,300
9251,401
9252,36
9256,336
9262,127
9265,4
9273,55
9276,61
9278,7
9283,23
9292,60
9295,14
9297,57
9306,52
9310,1597
9312,2
9317,46
9325,33
9326,25
9335,11
9336,50
9339,23
9349,176
9359,140
9361,62
9369,2
9370,463
9371,14
9375,253
9380,8
9382,23
9384,360
9389,32
9391,620
9393,24
9397,322
9401,7
9407,22
9408,58
9410,78
9414,52
9415,8
9416,95
9417,44
9418,24
9421,169
9429,46
9432,18
9435,289
9438,422
9459,47
9464,56
9467,734
9473,31
9478,219
9484,111
9500,562
9513,10
9515,54
9517,101
9518,64
9527,135
9532,136
9540,74
9541,101
9548,171
9556,311
9568,146
9572,46
9575,33
9577,170
9579,51
9580,101
9584,264
9588,30
9590,656
9599,75
9603,70
9604,141
9606,40
9609,12
9615,147
9617,84
9618,86
9625,378
9631,18
9632,23
9635,80
9636,111
9638,7
9639,490
9640,613
9643,14
9647,90
9652,677
9653,39
9657,5
9658,382
9662,947
9663,1
9664,158
9665,16
9667,4
9670,253
9673,928
9675,52
9684,2
9689,319
9693,98
9694,156
9699,21
9701,110
9708,295
9712,26
9713,308
9717,169
9718,74
9722,13
9726,419
9727,325
9728,3
9729,76
9735,712
9737,11
9741,25
9742,74
9743,6
9746,98
9753,229
9757,128
9758,11
9773,137
9775,3
9777,49
9778,11
9779,323
9785,110
9792,55
9793,23
9798,53
9800,16
9803,145
9805,10
9807,2212
9808,11
9811,3
9813,223
9815,25
9816,168
9820,32
9825,59
9834,72
9839,18
9847,90
9852,287
9856,299
9861,23
9864,55
9867,148
9874,76
9878,50
9892,134
9895,58
9896,80
9899,131
9901,1
9903,546
9904,150
9910,18
9912,422
9917,13
9919,13
9920,40
9924,33
9930,174
9932,18
9939,4
9942,12
9945,89
9949,2
9952,240
9955,369
9958,42
9976,422
9986,28
9996,8
10008,116
10016,41
10026,59
10033,56
10036,662
10041,25
10042,78
10049,510
10050,1621
10060,94
10062,59
10067,35
10071,207
10074,65
10076,150
10077,42
10094,238
10095,450
10104,360
10108,94
10117,5
10118,37
10121,260
10123,85
10125,164
10126,6
10127,68
10128,22
10130,2
10140,151
10142,116
10145,85
10146,18
10170,5
10172,17
10176,409
10183,44
10191,16
10198,6
10200,284
10201,74
10215,117
10218,144
10219,92
10220,26
10224,165
10226,55
10229,13
10234,125
10235,144
10244,2
10248,1
10254,68
10255,796
10258,106
10263,16
10264,76
10265,79
10270,20
10276,1554
10286,447
10288,34
10301,65
10307,134
10313,43
10315,8
10324,628
10328,1
10335,165
10339,139
10340,5
10347,13
10349,21
10350,176
10352,269
10355,64
10360,32
10361,284
10363,40
10368,25
10371,93
10395,7
10400,9
10402,21
10406,66
10411,183
10412,8
10414,84
10418,20
10424,89
10427,54
10428,10
10436,6
10439,101
10440,9
10445,10
10452,218
10456,9
10468,2105
10472,3143
10473,31
10475,162
10478,271
10486,282
10487,5
10492,148
10499,39
10504,11
10506,116
10509,15
10511,695
10516,299
10518,10
10523,70
10530,68
10532,13
10538,109
10539,428
10542,70
10552,68
10555,21
10556,8
10557,22
10560,137
10562,18
10570,16
10572,308
10577,43
10579,3
10581,4
10582,30
10588,192
10590,39
10591,27
10594,68
10596,190
10605,7
10606,18
10607,418
10610,14
10618,29
10619,382
10623,729
10632,3
10633,43
10636,24
10638,20
10646,108
10647,401
10652,130
10655,497
10657,135
10662,54
10666,22
10674,532
10677,62
10679,21
10683,137
10688,4
10696,202
10697,291
10701,16
10703,3
10704,4
10715,40
10728,157
10734,18
10737,10
10738,18
10752,3
10755,17
10760,103
10767,237
10770,93
10778,45
10792,400
10798,170
10800,69
10803,97
10804,327
10807,308
10816,163
10825,4
10827,438
10831,28
10837,40
10840,9
10846,360
10848,114
10849,4
10850,82
10852,291
10853,186
10861,338
10870,3
10873,1316
10885,202
10892,21
10894,22
10895,102
10905,63
10911,42
10919,114
10921,184
10926,44
10928,466
10930,26
10932,139
10934,25
10947,197
10950,4
10952,7
10955,4
10958,46
10964,31
10980,13
10989,60
10990,69
10999,17
11000,87
11007,63
11008,42
11013,86
11018,159
11020,84
11023,33
11024,33
11025,59
11030,159
11036,258
11038,29
11048,139
11051,25
11064,47
11085,175
11088,84
11089,58
11090,2
11093,28
11095,110
11096,20
11098,183
11099,2
11104,32
11108,64
11124,10
11139,16
11140,742
11145,75
11147,1
11148,32
11150,990
11157,177
11161,33
11162,9
11164,43
11168,398
11169,102
11171,260
11177,12
11181,192
11183,25
11185,42
11187,52
11192,54
11201,37
11202,136
11203,373
11207,32
11208,34
11211,146
11212,3
11213,35
11215,2
11217,968
11218,2
11221,454
11224,400
11237,555
11238,274
11241,44
11245,63
11250,7
11251,84
11252,53
11255,108
11258,17
11263,2
11270,134
11279,30
11282,1
11286,303
11288,278
11290,4
11293,266
11298,202
11302,72
11310,271
11312,37
11319,227
11331,98
11344,5
11349,1990
11350,42
11361,6
11364,97
11371,54
11374,29
11378,5
11384,11
11385,6
11393,236
11406,20
11417,307
11418,4
11421,200
11424,548
11426,10
11430,192
11434,163
11435,2
11438,115
11440,43
11441,21
11443,514
11447,63
11461,30
11462,2
11464,21
11477,9
11487,144
11489,14
11490,14
11497,9
11498,84
11506,133
11509,77
11512,15
11514,132
11515,23
11521,84
11541,339
11544,40
11548,33
11549,179
11554,41
11562,201
11566,50
11567,6
11569,238
11573,256
11579,28
11589,250
11591,59
11595,47
11597,17
11599,143
11601,391
11603,6
11620,95
11621,26
11625,24
11626,185
11630,9
11633,373
11634,403
11642,171
11652,77
11666,2
11673,4
11674,225
11678,5
11693,3
11705,148
11721,16
11726,12
11732,1
11735,17
11736,371
11742,710
11750,30
11763,16
11765,21
11772,275
11776,7
11784,313
11786,32
11792,27
11794,9
11795,43
11802,17
11803,2
11805,34
11810,228
11818,33
11820,274
11824,24
11828,61
11832,69
11834,23
11836,3
11838,321
11839,280
11844,32
11851,87
11857,63
11861,5
11862,57
11864,30
11874,781
11882,47
11884,112
11888,10
11890,45
11892,123
11904,608
11908,100
11910,17
11913,4
11914,12
11922,3
11938,74
11951,108
11955,401
11961,268
11965,219
11984,39
11988,4
11989,168
11994,57
11997,466
12021,106
12022,225
12027,175
12030,70
12035,1
12036,118
12041,51
12045,152
12053,43
12059,388
12073,1
12074,125
12090,563
12095,12
12096,1005
12098,4
12110,485
12118,25
12123,41
12124,25
12128,169
12132,4
12135,71
12139,29
12140,41
12145,5
12146,142
12149,326
12151,43
12152,99
12154,57
12156,88
12163,23
12172,23
12182,108
12185,65
12198,375
12200,223
12213,49
12215,61
12217,1
12226,23
12228,276
12232,14
12236,23
12245,45
12246,343
12249,1
12251,10
12255,50
12274,31
12283,178
12289,40
12290,16
12291,44
12293,214
12295,73
12298,13
12305,6
12306,18
12318,10
12327,42
12330,55
12335,5
12339,3
12345,55
12355,26
12360,15
12363,5
12367,13
12369,163
12370,30
12373,39
12377,180
12392,396
12393,73
12394,60
12410,10
12414,191
12418,17
12424,21
12437,10
12438,10
12441,5
12446,182
12448,53
12453,12
12456,179
12460,40
12464,32
12466,283
12490,346
12495,96
12497,39
12500,353
12503,112
12516,31
12520,165
12526,80
12528,123
12529,14
12546,86
12548,437
12552,21
12553,10
12557,18
12573,96
12579,61
12580,98
12589,35
12592,95
12597,581
12599,42
12602,205
12609,192
12614,389
12619,26
12627,25
12631,108
12633,1711
12634,6
12642,33
12650,70
12657,70
12665,140
12687,158
12689,3
12691,50
12698,148
12702,119
12703,52
12721,28
12731,506
12733,49
12739,43
12740,102
12753,44
12755,19
12774,73
12781,191
12785,112
12791,5
12795,58
12799,362
12803,251
12805,32
12806,7
12808,113
12815,7
12817,318
12819,12
12820,236
12822,45
12828,297
12830,281
12836,156
12837,32
12841,383
12847,24
12848,350
12857,666
12863,30
12873,154
12880,40
12885,1
12898,6
12899,177
12906,22
12908,21
12925,176
12953,2
12955,19
12960,32
12961,2319
12966,500
12968,841
13009,67
13013,2000
13032,42
13035,62
13044,42
13045,85
13050,259
13051,101
13052,6
13056,52
13064,71
13072,8
13082,170
13085,51
13089,28
13093,3
13098,99
13100,336
13102,98
13107,16
13109,33
13113,41
13114,467
13119,60
13121,261
13123,109
13129,60
13130,267
13131,14
13134,530
13136,205
13156,1307
13159,4
13162,25
13164,20
13165,10
13167,61
13173,153
13175,154
13202,397
13210,49
13217,57
13229,2
13243,201
13250,66
13255,175
13258,5
13261,5
13262,33
13263,364
13270,15
13277,17
13288,292
13295,41
13302,139
13305,352
13307,46
13312,11
13317,488
13322,176
13333,80
13337,13
13341,4
13342,16
13345,35
13357,132
13358,31
13361,21
13367,3
13368,13
13378,547
13399,1
13409,31
13411,231
13415,50
13418,55
13437,153
13441,95
13451,90
13452,44
13469,99
13471,10
13475,13
13479,259
13483,106
13488,17
13498,3496
13502,207
13514,8
13517,13
13519,298
13544,32
13546,212
13554,20
13565,3
13569,19
13573,9
13579,128
13582,1107
13587,32
13595,59
13604,126
13622,267
13625,94
13628,8
13640,229
13641,36
13642,27
13643,19
13647,429
13651,44
13666,159
13680,107
13682,14
13683,72
13690,314
13703,188
13707,28
13713,694
13716,1
13718,607
13719,76
13729,137
13731,409
13733,36
13736,8
13741,21
13744,4
13756,511
13772,113
13778,50
13781,18
13801,73
13803,95
13805,60
13817,72
13820,3
13821,13
13822,89
13830,28
13847,283
13849,29
13864,131
13865,30
13881,724
13883,26
13893,1
13907,29
13922,170
13927,130
13933,75
13942,7
13953,169
13958,143
13969,223
13970,223
13975,54
13981,19
13985,127
13986,511
13994,81
13995,71
13998,680
14002,654
14009,135
14011,9
14016,4
14038,33
14048,73
14057,57
14061,12
14066,42
14075,74
14077,34
14116,20
14131,6
14145,161
14148,342
14159,21
14194,126
14198,284
14219,13
14226,42
14233,789
14255,325
14260,2
14268,1629
14277,27
14297,114
14302,9
14307,786
14311,381
14319,63
14322,16
14325,95
14331,6
14343,163
14357,79
14370,10
14374,6
14388,6
14400,2
14403,22
14416,2
14429,23
14441,197
14454,3
14458,13
14459,204
14461,20
14466,43
14471,148
14474,165
14478,14
14479,1220
14482,210
14490,51
14492,43
14497,1
14502,166
14505,16
14521,26
14551,196
14557,2
14564,11
14571,116
14573,3
14581,28
14589,62
14601,215
14611,11
14614,38
14615,962
14620,80
14639,153
14646,502
14650,482
14654,10
14690,241
14715,27
14717,65
14722,21
14728,29
14736,12
14745,8
14747,71
14750,35
14765,21
14774,3
14785,398
14798,8
14800,33
14804,25
14810,399
14825,9
14827,336
14828,15
14833,34
14853,75
14858,38
14863,28
14870,111
14877,442
14909,5
14915,37
14938,6
14942,25
14954,96
14959,30
14972,19
14988,8
14993,13
14995,12
15002,32
15006,120
15009,205
15011,28
15021,8
15039,34
15050,1
15063,275
15064,24
15067,53
15083,11
15092,20
15106,516
15113,33
15127,10
15128,151
15131,1
15132,29
15155,26
15159,93
15165,69
15180,115
15184,284
15209,7
15217,223
15225,120
15230,12
15240,17
15249,75
15257,4438
15269,1
15273,150
15296,15
15307,404
15322,84
15324,76
15346,41
15350,5
15351,131
15354,310
15355,105
15356,15
15358,45
15360,47
15364,6
15377,44
15391,9
15395,38
15410,103
15411,87
15413,2
15420,2408
15427,256
15430,40
15435,190
15437,21
15438,231
15441,199
15449,266
15454,162
15458,37
15460,8
15463,59
15473,448
15475,6
15481,116
15485,3
15495,1
15506,3
15511,39
15521,1
15529,2
15530,1
15535,912
15546,134
15553,178
15560,554
15563,27
15568,61
15577,379
15582,15
15591,72
15593,217
15609,59
15611,40
15625,6
15640,62
15652,26
15656,1
15668,77
15676,24
15682,30
15703,1471
15704,30
15705,8
15714,45
15725,1074
15732,61
15749,371
15775,125
15790,113
15794,47
15797,8
15798,59
15799,156
15800,62
15804,9
15809,35
15815,291
15816,107
15817,36
15826,11
15836,99
15850,29
15858,3
15870,17
15874,40
15875,53
15879,81
15883,214
15885,149
15888,15
15897,56
15901,60
15906,10
15915,5
15926,1
15944,15
15950,72
15955,43
15960,36
15965,1
15983,10
15985,19
15992,30
15997,2
15999,9
16019,132
16020,176
16021,19
16040,15
16042,424
16053,192
16054,23
16074,26
16081,287
16088,139
16089,125
16093,86
16097,31
16105,411
16109,82
16120,193
16127,34
16134,944
16135,908
16156,16
16177,84
16184,267
16188,5
16194,108
16196,147
16214,369
16222,4058
16241,223
16243,77
16245,6
16254,17
16261,31
16267,337
16279,506
16284,72
16286,1724
16314,209
16319,184
16322,215
16359,8
16368,68
16373,292
16382,491
16384,14
16415,10
16423,7
16424,752
16432,933
16440,23
16441,2
16446,16
16455,25
16484,141
16486,30
16509,6
16516,239
16530,44
16545,114
16562,1308
16571,145
16592,193
16599,225
16603,237
16622,9
16628,2
16640,220
16643,115
16647,101
16651,336
16653,196
16654,74
16676,278
16687,19
16692,125
16694,4
16699,242
16700,12
16702,8
16709,40
16717,15
16719,172
16722,7
16730,485
16749,73
16755,346
16782,37
16813,427
16831,48
16841,13
16850,85
16867,75
16877,40
16882,14
16887,13
16889,17
16890,15
16896,11
16900,34
16902,146
16915,22
16933,177
16947,154
16949,99
16970,6
16971,349
16981,139
17019,113
17021,188
17043,1
17052,6
17062,24
17063,8
17066,7
17089,27
17090,190
17091,169
17105,41
17111,302
17112,122
17132,20
17134,2098
17140,1
17141,50
17145,37
17146,111
17153,67
17156,132
17158,33
17160,91
17169,26
17173,24
17198,102
17203,19
17204,129
17222,87
17225,43
17237,15
17248,125
17252,245
17267,24
17272,25
17287,206
17289,11
17290,966
17298,50
17315,107
17331,1251
17332,835
17374,59
17386,31
17391,143
17402,46
17409,50
17419,21
17420,28
17439,2
17440,15
17453,315
17462,58
17464,162
17473,2
17481,57
17489,1
17510,3
17521,900
17533,116
17537,86
17551,103
17571,266
17577,286
17582,14
17590,139
17600,28
17605,199
17611,6
17615,869
17632,2562
17635,4
17639,13
17668,451
17686,10
17706,17
17726,18
17731,106
17741,749
17748,24
17762,21
17784,115
17800,18
17801,2
17805,34
17806,27
17832,80
17855,29
17857,608
17862,9
17863,30
17864,76
17867,154
17872,178
17882,24
17884,326
17894,49
17908,38
17937,52
17954,21
17955,83
17961,224
17972,4
17990,867
18001,85
18010,8
18022,5
18025,42
18026,57
18030,6
18036,26
18068,75
18075,130
18079,21
18080,12
18094,80
18100,157
18112,55
18114,54
18127,20
18136,81
18141,136
18152,33
18159,3
18173,239
18178,536
18182,141
18187,5
18208,444
18224,136
18242,1
18253,29
18255,491
18258,65
18270,85
18277,34
18286,6
18287,51
18300,17
18307,325
18327,53
18341,51
18350,3
18353,187
18359,144
18385,24
18389,4
18390,17
18404,30
18407,22
18421,245
18462,77
18478,26
18500,6
18543,55
18545,36
18550,44
18561,1
18568,12
18582,79
18591,146
18594,124
18622,32
18626,65
18653,20
18661,51
18671,49
18687,143
18723,262
18755,137
18763,547
18766,1
18768,383
18782,68
18794,445
18795,16
18834,43
18845,2
18895,818
18912,98
18960,56
18991,70
18996,2
19008,41
19021,8
19035,122
19045,182
19065,83
19086,235
19092,972
19095,91
19097,28
19107,89
19108,142
19137,78
19172,67
19207,250
19226,61
19229,1
19278,12
19296,107
19323,11
19328,20
19329,72
19344,196
19364,348
19365,24
19369,388
19374,17
19402,10
19418,89
19425,479
19426,185
19439,160
19441,48
19458,257
19472,238
19501,114
19509,50
19514,15
19525,340
19529,7
19530,156
19537,235
19555,129
19593,84
19595,6
19604,37
19613,110
19617,535
19626,91
19635,5
19665,2
19669,142
19677,3
19696,87
19700,289
19707,9
19711,97
19724,91
19725,90
19730,124
19762,21
19805,137
19816,765
19825,260
19852,27
19864,65
19894,1749
19907,331
19911,70
19964,116
19970,155
19991,55
20015,154
20023,119
20031,302
20076,5
20080,27
20084,32
20089,5
20090,56
20092,338
20104,384
20121,5
20150,8
20168,19
20169,288
20175,24
20186,8
20211,45
20216,199
20222,11
20235,81
20263,14
20290,562
20311,46
20312,12
20349,5
20357,145
20362,3
20369,7
20398,95
20406,3
20409,92
20414,25
20447,300
20450,8
20461,32
20475,18
20485,89
20504,277
20543,318
20581,147
20584,251
20591,92
20601,1
20603,14
20608,159
20646,145
20657,241
20711,21
20740,475
20751,176
20760,37
20796,7
20801,5
20810,6
20812,245
20832,911
20850,77
20882,92
20909,55
20952,108
20962,1024
20977,21
20988,21
20996,44
21022,561
21027,189
21053,23
21074,21
21085,63
21088,1
21100,99
21114,2
21142,42
21153,6
21174,21
21187,60
21216,349
21224,1
21232,53
21246,284
21259,177
21269,55
21325,94
21349,49
21390,15
21391,32
21419,27
21422,83
21427,179
21451,132
21455,22
21472,18
21514,31
21530,52
21555,25
21655,128
21658,299
21659,218
21661,26
21689,13
21693,86
21708,485
21709,508
21714,293
21750,2
21768,55
21772,466
21794,52
21796,431
21801,25
21803,86
21807,13
21812,303
21836,322
21853,118
21877,44
21878,1
21879,30
21880,1
21882,148
21886,26
21888,31
21906,23
21910,577
21912,98
21933,27
21940,29
21947,270
22021,1
22037,92
22044,10
22049,128
22072,66
22077,488
22083,99
22093,56
22095,50
22284,7
22287,23
22335,149
22354,195
22365,73
22379,26
22383,86
22437,51
22439,155
22455,10
22490,18
22498,65
22502,22
22505,8
22510,57
22532,19
22551,59
22552,46
22568,66
22570,455
22579,80
22602,18
22603,6
22630,18
22647,111
22652,9
22667,980
22675,2047
22678,13
22700,21
22725,118
22726,411
22780,943
22787,205
22823,71
22840,2
22889,80
22894,130
22897,279
22906,1
22923,10
22949,21
22950,20
22951,153
22983,13
22991,23
23003,10
23072,19
23076,48
23092,4
23108,5
23113,81
23151,70
23161,1
23173,64
23178,8
23198,32
23207,3
23216,86
23220,125
23237,12
23241,24
23277,22
23336,51
23365,72
23422,1
23425,97
23447,237
23461,26
23465,31
23479,149
23494,6
23502,5
23546,98
23551,404
23580,152
23591,18
23603,8
23605,83
23640,169
23651,3
23662,42
23666,23
23692,95
23719,162
23730,157
23743,390
23747,162
23784,77
23826,5
23827,289
23847,13
23877,270
23888,17
23907,140
23949,54
23958,34
23967,222
23973,131
23986,11
24053,186
24110,16
24209,88
24224,231
24231,14
24275,10
24289,14
24329,33
24339,36
24431,468
24454,20
24496,4
24525,26
24561,4
24568,106
24585,188
24626,20
24637,275
24640,238
24643,346
24648,121
24650,227
24662,2951
24664,97
24705,12
24718,1622
24725,5
24733,1523
24779,80
24785,55
24803,38
24837,12
24838,20
24902,165
24920,59
24974,19
25012,1142
25018,111
25122,35
25130,104
25143,12
25147,10
25160,16
25170,859
25185,6
25269,1049
25315,91
25335,177
25361,170
25403,74
25451,394
25461,9
25509,156
25557,41
25570,1
25596,629
25598,2
25602,41
25663,15
25718,274
25746,468
25765,375
25769,12
25777,66
25808,15
25825,122
25828,41
25834,480
25844,31
25881,130
25885,29
25891,14
25902,24
25913,2
25943,44
25948,337
25965,306
25995,513
26003,10
26029,29
26037,6
26042,69
26076,25
26095,20
26108,37
26125,34
26140,391
26146,2
26154,144
26173,8
26187,45
26208,446
26234,287
26248,11
26249,4
26291,122
26314,13
26340,3
26348,164
26356,318
26394,2
26400,187
26407,22
26439,73
26491,68
26507,78
26516,347
26525,157
26526,7
26572,3
26582,632
26610,27
26615,100
26652,11
26684,719
26688,196
26714,97
26731,171
26741,49
26744,6
26810,9
26830,32
26870,49
26874,13
27001,321
27014,195
27020,87
27077,25
27084,86
27088,226
27119,16
27121,180
27158,3
27244,10
27304,41
27344,4
27380,100
27406,35
27410,470
27412,43
27413,35
27461,10
27490,4
27496,10
27674,36
27762,310
27795,29
27820,20
27883,5
27906,393
27922,3
27957,8
27982,55
28047,2
28054,102
28061,37
28073,35
28095,41
28114,59
28127,171
28169,18
28194,2
28259,49
28335,14
28355,162
28411,16
28433,5
28454,38
28506,291
28529,215
28541,263
28590,190
28655,470
28739,50
28743,63
28760,400
28887,29
28916,25
28940,57
28999,15
29004,65
29026,267
29036,7
29052,13
29124,79
29144,39
29233,10
29243,3
29244,2
29330,40
29370,42
29406,23
29445,347
29450,202
29451,64
29482,380
29501,9
29513,3
29538,192
29573,328
29585,72
29619,10
29749,33
29764,437
29796,16
29800,3
29878,269
29879,31
29884,27
29895,160
30011,139
30093,96
30100,78
30114,44
30135,27
30143,103
30154,129
30206,30
30242,99
30244,32
30265,95
30273,15
30283,336
30288,38
30293,224
30321,159
30457,173
30471,13
30527,32
30577,194
30613,66
30638,21
30669,253
30678,21
30695,140
30729,42
30792,300
30828,408
30853,56
30913,96
30918,8
31007,321
31018,361
31019,68
31043,28
31100,118
31110,355
31116,63
31153,140
31200,100
31253,5
31354,58
31563,26
31576,16
31633,360
31671,27
31774,52
31910,60
31926,1615
32003,20
32404,36
32446,83
32451,112
32482,59
32500,146
32573,115
32584,205
32694,30
32766,205
32850,277
32882,70
32899,838
33114,64
33116,688
33183,12
33184,16
33207,156
33294,6
33385,337
33459,26
33485,14
33591,273
33611,117
33632,36
33663,14
33714,121
33738,2
33768,1463
33816,30
33822,4
33850,95
33907,23
33949,258
33956,18
34052,111
34079,162
34085,40
34157,40
34277,133
34327,89
34395,1181
34420,296
34480,37
34515,13
34612,115
34655,12
34724,132
34737,295
34759,77
34785,7
34831,6
34844,27
34920,900
35018,156
35034,88
35058,97
35080,59
35085,296
35125,56
35192,649
35541,15
35614,125
35617,397
35676,109
35701,712
35702,785
35714,34
35805,251
35835,48
35845,10
35916,12
36054,11
36078,19
36168,44
36499,133
36515,306
36527,20
36535,113
36560,463
36603,23
36657,34
36739,374
36812,699
36890,1
36902,911
36941,38
36960,227
36968,59
36970,56
36980,48
37148,32
37155,53
37162,85
37195,231
37264,125
37428,1823
37441,165
37472,4
37584,98
37748,1648
37780,44
37816,17
37901,13
37915,13
37919,123
37971,79
38011,252
38102,192
38174,35
38226,335
38248,3
38301,26
38351,449
38434,26
38552,3
38846,35
38994,19
39065,499
39240,286
39533,196
39540,320
39590,28
39647,99
39733,133
39755,9
39872,45
40151,23
40164,77
40425,193
40441,28
40454,375
40569,49
40627,90
40649,16
40655,459
40742,636
40863,28
40897,232
41002,681
41104,286
41106,304
41119,6
41203,801
41254,752
41648,100
41707,1
42030,251
42261,8
42281,265
42349,14
42369,3
42997,47
43152,117
43339,69
43679,18
43724,101
43752,183
43789,32
43807,34
44137,48
44230,58
44246,305
44275,166
44338,65
44512,201
44564,6
44776,1
44839,573
45032,2
45083,35
45162,21
45189,197
45397,87
45542,40
45663,11
45762,59
45864,153
45913,7
46065,56
46203,895
46457,164
46496,94
46634,91
46845,4
46866,80
47315,32
47485,28
47622,50
47728,344
47802,99
47840,77
47900,2
48018,148
48541,389
48585,12
48731,77
48822,46
48832,40
48833,16
48845,79
48855,33
48905,64
49013,87
49038,288
49287,82
49299,13
49346,63
49378,17
49410,105
49430,25
49493,30
49587,6
50010,82
50137,70
50210,44
50472,1212
50604,14
50619,253
51585,182
51760,975
51823,175
52048,7
52059,18
52120,398
52393,16
52550,7
52706,230
52992,752
53085,4
53178,83
53203,102
53799,54
53875,31
54078,8
54104,400
54180,267
54458,17
54490,42
54922,1045
54926,336
54934,31
55309,120
55643,12
55681,297
55993,23
55999,8
56204,203
56364,116
56525,4
56707,34
56799,71
57024,63
57040,33
57209,76
57436,58
57645,153
57941,75
58146,334
58472,52
58729,14
58850,92
58869,319
59125,6
59548,365
59890,5
59957,88
60119,91
60176,29
60196,22
60208,109
60977,458
61418,15
61568,135
62059,24
62262,58
62781,80
63124,120
63447,471
63611,193
65400,2
65524,96
65793,54
65804,56
65984,96
66150,69
66160,143
66339,27
66384,69
67069,78
67115,64
67219,279
67412,18
67608,90
68434,93
68511,164
68689,189
69365,6
69375,326
69440,394
69797,10
69855,239
69903,104
70227,556
70458,52
70800,13
71289,21
71294,26
72429,414
73742,31
73962,73
74130,2222
74315,121
74623,7
74751,44
75243,144
75691,208
75934,12
76362,60
76680,2
78109,13
78652,108
78705,25
79157,56
79217,31
79370,26
79802,21
82330,560
82444,1
82592,110
83347,85
84446,538
85566,8
85583,272
85641,65
87100,164
87360,68
87452,24
87821,114
87932,15
87960,16
88086,341
88276,449
88519,557
88556,6
88669,1007
89939,128
90750,56
91358,28
91384,43
92926,20
93046,66
94394,7
95011,180
95161,92
96024,38
96702,282
96955,6
98316,135
98374,44
99005,8
99800,71
100294,52
100326,1355
100388,90
100438,43
100500,45
101112,100
102995,111
103091,493
104208,123
104806,108
104984,22
106030,48
106194,32
107316,1589
112261,84
116315,21
117631,50
117764,19
120329,15
120759,328
120806,58
124184,114
124419,181
124520,4
125384,65
129606,31
130734,55
131114,569
131909,23
132333,68
132439,31
136425,29
139408,13
143141,219
144726,24
156191,62
157795,136
162750,58
163898,318
166167,848
166464,13
169396,6
170638,7
173424,288
177441,188
178995,331
185539,6
186171,6
188328,157
192477,44
194737,226
194943,32
206046,24
214467,18
214774,455
218276,9
223117,138
231365,77
239042,166
271982,1
298811,28
325797,109
343191,87
465166,687
